-- MariaDB dump 10.19  Distrib 10.5.19-MariaDB, for debian-linux-gnu (x86_64)
--
-- Host: localhost    Database: clg
-- ------------------------------------------------------
-- Server version	10.5.19-MariaDB-0+deb11u2

/*!40101 SET @OLD_CHARACTER_SET_CLIENT=@@CHARACTER_SET_CLIENT */;
/*!40101 SET @OLD_CHARACTER_SET_RESULTS=@@CHARACTER_SET_RESULTS */;
/*!40101 SET @OLD_COLLATION_CONNECTION=@@COLLATION_CONNECTION */;
/*!40101 SET NAMES utf8mb4 */;
/*!40103 SET @OLD_TIME_ZONE=@@TIME_ZONE */;
/*!40103 SET TIME_ZONE='+00:00' */;
/*!40014 SET @OLD_UNIQUE_CHECKS=@@UNIQUE_CHECKS, UNIQUE_CHECKS=0 */;
/*!40014 SET @OLD_FOREIGN_KEY_CHECKS=@@FOREIGN_KEY_CHECKS, FOREIGN_KEY_CHECKS=0 */;
/*!40101 SET @OLD_SQL_MODE=@@SQL_MODE, SQL_MODE='NO_AUTO_VALUE_ON_ZERO' */;
/*!40111 SET @OLD_SQL_NOTES=@@SQL_NOTES, SQL_NOTES=0 */;

--
-- Table structure for table `config`
--

DROP TABLE IF EXISTS `config`;
/*!40101 SET @saved_cs_client     = @@character_set_client */;
/*!40101 SET character_set_client = utf8 */;
CREATE TABLE `config` (
  `name` varchar(100) NOT NULL,
  `value` varchar(500) DEFAULT NULL,
  `value_blob` mediumblob DEFAULT NULL,
  `help` varchar(200) DEFAULT NULL,
  PRIMARY KEY (`name`)
) ENGINE=InnoDB DEFAULT CHARSET=utf8mb4 COLLATE=utf8mb4_general_ci;
/*!40101 SET character_set_client = @saved_cs_client */;

--
-- Dumping data for table `config`
--

LOCK TABLES `config` WRITE;
/*!40000 ALTER TABLE `config` DISABLE KEYS */;
INSERT INTO `config` VALUES ('eq_color_code','{\"C\":\"lightpink\",\"I\":\"red\",\"A\":\"cyan\",\"D\":\"#00F5E0\",\"6\":\"violet\",\"K\":\"#6699ff\",\"E\":\"mediumvioletred\",\"U\":\"#FFA500\"}',NULL,''),('horizontal_status_lot_size','100',NULL,''),('nabl_symbol','','PNG\r\n\Z\n\0\0\0\rIHDR\0\0\0\0\0J\0\0\0.mr\0\0DQzTXtRaw profile type exif\0\0xڭm与m_!5Cf=~E̺73뗑\'qD{\0]_rzrmrӟ_~?W]_緑__Pb_5\\%(BυREsXw#e}}???[ow?J/{MOjOt]]ܕn)__g߷}tSXz;~p鼬_j;u{k\"\'/u->qgL{-L>=\n_\Z{6wv34x~2.4^4[\'̂\Z!~\r	_vgwҎf|-,؁C	w:6B-\' w\nӢkj8?s}b#2Tٚ^ذ4l)?9kn緤\\JE{kO͵Z[m=-jkW\'1koM_xG\Zȣ:㝘|feٮJXeV_Sλ0/}ϗկ}{޵pv-߻KkA8;Ww\0˭s̥1}׾ſvro/;??杮Cz\'܏zc_bҿ|`Sm~Tj\nӸ4%19M}C,[Y\nߍk\nov+<_\Zţo/	},r.,7+[Xy]\0M$F\')dcsadU*_jp6ۼ^qb/|^uJk/f}xYrvXx.ڵr_X8x7qO6;~weowe2o}wMaf`	3K]r<[Mi~[W~woWn#k6ʛ{/SAd<355y-HR3\Z|V,ybk%KW.\r[kܻw[mϳ\"7x螧U_Qy]=9\\0+F}9>җ_ϸY	oc>O}+%]zR_%\Z`5Xl[+KZhe^&>c;WWq]aI/˗B	!7p7h+|n㹠vQƬ+?nO\ZGݏ윶}#OW9MEYQCϕUʁ1ŷ	ݼ0J^X/{WY[a(7ޏgpyl<bq#ńUww??\\@ٻ*U;\\}Bu/\nF&;_quqR1XuC<	A3]\0V\r|lRtw.V\"k\0n-ȑg#	ZP!VݼWI\0>+W&y/]:Y@Gxyڹ޽\0k c[t	ာ07\\2xGJ\rWxj[r9#Zzk<+nIg@\'½	#n׾Yύ!\\|8\\aQx狐jhJh	<y6wc!&a/~	.oPg7r<Tġbnx	2cI+>3/w#OO\'] yxV\Z\n0r26z^x\Z^[ZG\"dH0L1x;k[\")?_1ͻ.Ag#8XR!0\'.0m\0)%k a=zx&\ZU;ٞ/ldB,\n\'a,uhC0h&4׾7*D^?n?$8R\'(.>,3ak~|հ;~aA`!hKaW70C_ pW@YO%c)a0cb5cyZ	ە\0{^apFiNXJ\rsޱN\rf=5ea7\"	3\ZXӂw`kO\'a>E\\\0MX<;x.!8ĉ\'{bf`t4+JU\"ټ\ZN63M7s\\E3g`l0R `Ǻe&0jU<yxnQ\"EDM3q|ە0csKDΫ\ZXxO\0w\"1\"i@$\"\'!]2{]ByO6e RG/taOa$rm`ce配냤7^gᝠxbV\"I J%AmQ\"(|B+֔=MvWzI/ax斡*D>(avc_{KfA--\nw\r=xأDiȤa/w\r	:7DG+\\O$\\5m ܀-4_#5Lw\r|\rd7Z`n~I`x8$WXZwn4XZ0\03$/>\Z:O~[s||%bLL_G/{D4-Dxt}\0yǇs{~>w#{\0?,(>\\Ha#	jBjfbJv_Oln]p:[({gnqP(~-G5ߐh#hjM@$\0TE==}\\l9<;A-!۸YM~PN^;\ZR|s.>=಻dJ:CfY>>l1>Pᢇ?tĢ+X׀&I>f4ɺ4)n;X$Xj)\\ťGDb׍x7bjG\nc VJK@1\rUvo $\0hڛ@;b] #_yXBAEz0vI{!1n5#qf@¸YFC_5x4XhsZ+@Ο|G߂j,_P?\';F8m=˨H\rٰ?$\Z1DT*\0<%2_E;N`P@>54TYpCܯI[m!4Jj>-@(dއZwf)BMϜ\rNK -`qnk\rƀd-꠴\rh4/\"Ca\Z0Ucʥ?񭠃@TΫbps\ZIU_Jh3L\Z]Īg8w_+s?<$\\EtQx-ᜈ]PQP\"h1ƂFKmo\\RVfF5E.P#8k)sFA8P߲$~2&ӑl6SV| x)D\"@*{ErQn+b,(B(r\r!rL@Z9d]oIZ  L9r1\0`K:-wFE)̭6A_8֟6:Z	w[Ê^r6&)a+FyƨP80m?صz\"X 2~HNfĄyc(;x#1o`][D\reپ݆#ũo?/\r䚙n}c{55ċ0VuJÕd.	ʗ1g$MTƼx{sGH1|&~[#/	2FMvR-j@wFઘCPԳhgd¶B/4Iͨh5a?Bg2I;d$PlHӰ/CpXBXZA;Y^sʞMaa\"tQ`5BjXоwa\";C\']D$8eQA\07G]c9\rB!;A\09B=h])Π_>%]#w]}sBn҃9vE0~Sl^PE3U;mQc\"* IE?&\'M2:h0_${5#vuRo\Zs\r$|3y\0Dӣ\"x0ߧqiH\'rs!c1+e!`8G(Kxf1>.9\0c}!oI?in^ׯb!O}_ז\n3Bqs=䃿f31S#|ւ{Pr(aDn5>/\"\"s\r?b{xcߨub9@\n^G֑Ӽ:	\rn1az\rAfG3nˌ6l\nҵ>.Ex@8$LeP1wWʅȃ]40m8!Фmȣ<<`ޗǆPXM8&ZX.8A\r$Ao..0`\n%T<H5ފIbRpsS\rձde4 Wl>fԧdXlT1wuafuƆ\\ 9oQ=E,\n Rsd$߈ҋDU	`R5I2\r`vlʡ>(E{\Z=|7^@On̗YL- O\0ya,`9A4PyfϲeV0E\"q7;?K>q|#+=Onl*Â\"zf\rIȳ,t,[D|10x8nP\"9jwp7L#1	?bA#HpA)Xp=Iw|ʵ	VHa,9!?FN\\ܯǘf2`*I|[vĎ0F; !lt_^}[5Ea7p`쁦K	e	\n+	G.׉N9q֓R<^b\'OѰ|/&	%.\0l[`#\0\ryi?ϕee\r(sJ	S\".ytt~V(7~!ʺ#zQ~h[u\"Uf}ovsյr5X^̑BۣST\r`uj	0_qu	$/6޸\ndAL!i{7bx\nawX\nE)P__c`wG/L%8`U Qs\'߿Ӏl6u۬c3B 3~?.EoOj\"~0<Cj<~5ه>+I+l8↑\0ƎL=\Z>hzn%x\Zfiś$mvn_\"R&_#΄z|s.;QKF$N3U`q!EUNӕ봷\"aY*FUr??@@qxV4#&0.ȎOYN6z~VfcC$dI1?͢#5dZ\n`yXiƆћ-\ZFN4\n}sYI&1Î2L7\'^5uCvm,xܘlq2_:}\n!brC;fґ]yqx	vz0{l]\ZC_u@0$McAJFqzIt{JcTD7=c!KTѰGr`?=P0Sw`+KGD!r`@d4rs3sH}5fP\nxVX(P;[y<q+*y\Zj1zuB\095zxHw+-$FT(i?B<EyX=JyWuqe5R17%ыau|;<DFF0=ufgJ\rCRfm@ݗ#t:ШDo2^{R?bкf\\1ciJ-z:\0fR,i\"ty\n8a:,\0f;OU$IT㤩b|`8xQ\"r*\rO3(Ae%p0Q@m>khc6	8YylP.6\nXؒqq佹j\"@s6)5f=l .\nHo\0ԭ_hX\r6ni]*\"ĄBtg`AMw?7kM8HP&WjCbC<1k@t{{\r\\`@N_ɥnM}bႨz!@!1V@5׳~f+x7D(9W(	u̑-AYMǙVɸM]PxERՒuP,0(ukI\'$EʼM.A:XX^Id\0COvC?o\'\0\0`m?}YCT$\"r.fp*z%`\0{;(\"pʍ	;Ƌ2}\0C!Jn@nvpAX=L%jj`6\Znfk	Sb(rۜ6zXQⱶ},O%#_[a\rd@@CH¼v:\n.Ĭ\'e:@z.X\"~YK~:i9(1]#^QֆB09L,dlg%/yNX6n#tUg%?AZ`l,Miq`\\\\wttjYܦzaǦ5PtǾ߂E)`S~KFnN8W{b֬mc.UzL\\ths՚[@67U\"|HAKI1**`\"M}$fzޮ?\rSb؞W%.jeff+vvW7$30)j\n{VZ?[$΋cώ5/\rÛهǌP1;XIW̟&Գ$ۦn (SAVPP`灼,\r7>Ò\'\\YX%Н\"\0ICq½QjtlḬ%ց\nc-XF`Wis\Z݌!<TD?ڒݼKehgu&\nno-1*\rGZ\Z\r,\'#BmH-1r>QΩ!L+\0d$`v_yJ\\\n?VcAXA\r\0)dIZ8$+Ī\\^+ߵ!\0m7F<Ӌ+5d}p	<F~7}Ə@X~᳀`\"x`\\!xFWLibWSĄ4Mp6XU jTœ?t1[!V?|j IsAL7^YY(-EGqDYÜ%x6;~ǳ؆]y\':8|[~X	=\\U2N!+XU`ܩej@\"kTє$ݳ{]~ZzvBaB`]<Z}{b肘0\ZY{YLg=q?z6=1,~܁eOC-0!eoio)\"h!j,q팆7w?Zⵀ(]X\'7\0>w\'Y\nL#7\'\rV%Jœ\"}ʵh><ZqG/6^\'1#\Z{Ws%)k. c{*+0ݎ@c/?eX\r60ZjRV?$b[@Ezݸ~ż@%(=#쳘afQt=єR=}<YMgӌ an\rܜV?)5oLCe<	(Հؔ!8\'؆X6a2{na=Jg%M<hߟ{]0w\"mݿ-<K|&?fjc= {!ڿyA16R `<e-b֊cH	ݖ\0/OeZ٫yfh2ST}\r7$\0Ɋc\"Xpp>YsMd)7RaXL\ZK\'҅_	%	@enϜ<&6dW\riovR&/#|BMCԾ6)bNn@PAf{޳`cVlX]ĩK#bQԼD!V 7Ae?x\"u0{0dٴaM(Pb_.f=6f87Ujť7M3?\ZFbg\rY\rԽ`*`\na~N>b=n	`	C.puc&|1j\rK5NW\'sH\0ͱ_&sp;\'Puۆ\ZJ̥ Rby{OZρ{ͳ~2)A\Z\r;nM]G?1DCllH@KD~lzb&\n]\'@~s>9`y0bo)_C\rMA_1ijv=׼RlhMh&&Fwf[YQIh`Z{]c<w us9&=hz\"J\Zi#<m~0\ZfAދldN/OV_	:-3|_keJò6\ZPhj\ZOdsue:j>ʋ!`Ie9@[1=+@!2jb<A#>14x@]k~[qCWvN*|=O 2}[3Wy7+Vsm^}6(a«X[\"3@r\rC>{,^asߣltkB|1Z_ܧWf5/>^)Fl5s6<H0b_8SP>Y~A70Kt9wX3[~Zjߺw[uue#3!Z=c;SuE}b)<wUCFzYgSXm_{#0y&kܐ,2B^߯o\\Pq	ki@=}hGDqGŧƚ+֖,RFKȶX4T]blpXzUevB1(3=ڈ󳧙Y#ۨB8ۑv|]0ʑ~%[񇅨6eeBCŭ\"dD-;KXjD MsDUav e1X8 x2?Y!,av.0Mi}B@VI5#eí0wY3,^4AaA|{Mj,W uX{Yqf]\'r!Y1cy@xI\'_ѡ*NqbilR@5yуD@D;֪ o%n)}rQk\rQ o7\n]TuVy41L|Շ>l\ZxL\0yin+)UX\0b$4\0/Pg¿,Bcx˸05:\'$mR\r8x%S\nOё 8]0Lײ]kʕp\Z-kc/ AyVC;GT`7mEi\Z1mWTks6jPL0yfYB]!\" L)4&xW_xѳ\\\'PG<=c\nA_qAD@DgЈx_nsdg8)tiv+h\'%\ruMźce<bkNC[y?؊Ykqi$4PfJt(5lna*kAbknVȰhu+h-5M8iIvD2uX2ڤLR&kՍ,yLvA{rDSR`֏أgӓy^.b87</| nmt\"\'py$l5uj8 &<-~Ժbj=~gFBJՓٰ}*\Zgo-AE(AYpC97t[QãXN]IXEh|\r\rs~(|\Z1y@Cϧ^K9NhSݬݞu5<Cëْlˌkv@,&Lf%˘އ4wM\"籑/ZIⰪP.h7PmY`٫:v184cT5D[Z8+2,M$x&7<)Bj_mҍf?qydw~=dVCx*X=,99x] }lm\'!kAv4+!NL׾n!I`QevdeysilJKa[aX~\0r¤ʁ{J|R	ur).!<6!IhM1K(mKV\"G5d^m;7rGoɣW<Eb+9	#l\"b2qm1eO}G+Ze\ro:f$)-_,G{kĪ[,?K	C\'A/+X$!,KXl=:{K|wrw<BL=d|h9%lId\\㱓~1ORd,auXJ6{$\rbhUy~GbFB ;J2\"+6[!BЀ\\ЉelYM-wbբ7#d\"5ϡ*R\\jm̠dF\"%PmIԫA[95E\\A	%65\Z%BZ#3Ɵ>D\\C[L`a	T \';f,}AM{dCxG+]_@͟&^L>hOp\r`9(N7/RgmciZ3PeZ?y&uvA.DcnEɷ؝2N<nxXr\\Nc8fWVŖB#/4	P!}C_lqM[#ci%Yɚy\Zsp`k1(Yi%O=fSGVse\n;`z[m]ǩ<E82|K}f(NGG\\32bjs}Ef`ki\'6zl\"<=Ŭxt؞*MB~0E>#{\ZP~#Pqg~·6k-tQ(NfmmgW_+&&&y u(<D}Ι7$\r;2$%kbbPIbӪx\\\\c,H=ÿ0Qhل )s;|N+d{8\'{(h3uJih00ú`=1VgBkbBlQLJZeGv `,|ϾM&+0p^V<GGY\nkm<0c751vTOe5ۖITPZvU+Ze#9B	*%VO\' ؐh}<\",M!٢߃R(#°&)f#^\"c<QgYK\rwy &s֟X?e+ܦKy	^\\෼\ZA.!G:$u;`	8{OGQ\\~)80;ՊX$ivV򼞚;hoWv|T/8IT6B\n:R$٭X|#V0T\\*$N(sƗ8Au6pZ`kF(1gՊZ`%K{qO6E%WutJ0UJLz\"OP;x2öJ&6+BFmӍbcD<)p*+?YR`|YOTYt3\rspLgճ\Z]7H!n+dsv}vrPwaUn2@ّGඵ8Ί\'>B6JtT׍P{pf{*:RqG ,[!kPaa/£\rHt\'e,5l\r:ǄȢi4PN8Qy=r*m$ӊEc(]Y;\0Z.+~\Z>uIiCm8r5ܨ^\nX\0ogc93%1y9O\"Lbq59^j:vhE1:hawaDq_05ݺ[:a߯XT/\"w xU7rǑ%V7Y̻^с<fKH/:\nF,Ӵ%&1~l!7yG3s`i0m+ˉMژ=񴁀,jlVד#?9dq?$l:G	A&Vπ\rwO1?A?tB-;Ӛ{fzWjȓ]Q-#緅@{\"B\0v	$d{Lbbi:gB{@CX#!UJ[ݞf4@n\n3o9m©FaFzYE7=lFg^ll[lCUi,&My݂CթMaѶ3yz-y&@\0m=Q9luӮd\0j=O61ʏӀljTO=&p8ӝLgjjHbF<q%gýN{	$n72i³:NLpިge؍xTJ.tY{O*u{6$bD#a~ǌnxH=Yb@\"7bЎ9ư&5Zct<;Sc\\~q:Dw|s)XڬL\ZXie\r?8Yqq&49蜻.&T͜:F^oyl(#|̆q٫S!ID>Ŋ(ԭzAfr>a\Z\'x\r\n{8VX[t}akkOoJq.>g\Zc??XsXzprFrkI\ZtmP:ϑ	dQhim?\'ooc	Ho0\rolK^j8,~êTiE9&j&ߔrKٝߎt*{\nv&Bc38촿 )Z\'-<#>ѱW s*#}엿@}q>\n4W>{!Ru?u8G6[<MS]g\r-8YokDv3<	7h[sw=c YI<[\rmX>!ǕOe$](:I~v\"W<`hkfg`WiP@@Srlhm-)PӸWCiޠRl;Ʊ^5ܣ\rzhxXdyL+|yrRQX&TN=GJX(Gu䉯owQv6ȃCLvxOm(8EQknCOЁ-2z-˱9ԑFDD#-Hy1WK;<b[bM+\04Ǒ4CۑDWTVi<F=6\'),9Ӥ)V|bCݼ2 C/7st+7Q]/FzC?|byZ7ot`\rUMXYle>T/Ǩu=~=? F\rܣI7ng2waHeд)bC\0r9@X[:g$6ܿ=pcz\0ub?ɩ8C|>E˵\Zˁ>)hgdT{ڜdSbI6}^%*@?8;1e\"`CYq\0MΡW{.i+}za;qqo\\&	}5ng0ۍ[)?:/_Kz֐lgx)ɎMade{S@˥DZ+!֙%\Z8GTá[! Iۖ~RlG-րW8\"U&9;^yFMGb\ZLɰ:YQ{wm\rexjӅ̓k\0ۼx	?I`;Бz:\rq{gn&wy>d+u]ebEׯP\"vypIpdvfԽi#EH7մ,iSPRyXɾ\'^&[d;~nLy {T9(Io8$7p	t5eTIX@\"q=d7{Zo{PN2z=%~fj DDhhD3[t皩VtϏ@gq-Ql<ub\\ek3	F~PMYD(v)ώ{x6eˎs{Du]s$xR(gVJ7srBMSGIm)#Xg$Aq&( Ei9RSIL@\Z;٥JL?	07BA9lۦ&8\rȮZa?hܩ\ZgQ	[0kS=XϽ67< h^޽5\'S9Jj=/iNDG9nHsK\Zw|2irU9&a˒.\'m۬]<2TjZ3t?ޠT5w`9,0Z!K9<SBS11%6Xl$vf\'8Q;欘j-q`byYIc°ejg0gP6\'g\"Ȟv1OZ8	b ktK\Z,}g~_:Erl\\}	;>D?a5LDDPWiHE~T5iKO5H,[,~WsS̼(jU\Z`>AU;	ݶu%ivS${kt\\/bf]gU5Xô2)h)v4+R7}U3ĞQ<а+@@ס\\/0FB\Z[kΉvwlZ`xޏ)w+EFeJP$̂˦y#[lPu11zNGfͭdb#~Kz\n!42\' sD:w*NL{t$r4BY\0w`}~^sg6E=m(5#`iN7`mzo-\'OF|\nK>P(2+RVq!c_5FI=gzä~\'ɨL&F	@sgRCo3<u|1~K\'`mqY!P:	i.s#©rt˙x\\sT\'&^N/\'~GY$L8W%S=bS;m9|$\ndzL:[9Im[x C(V !3oh)P=9/.d5bn9L=-t;܊PZJ<A9b唪{\0|Hz\0#B,f i;%Pr&CvQö\\O\0n[VxY]jlqf1wn\nwv~VX݂aM5CF1_?\'Bp΄3#B@D<zq7ϊ| d7ixGNcJGE>	0Mv{ռsqgϴWMS@\0*>`^Y쾴>fRs5Y)9{o:pN+cti\Zjǎ*;!~&׉NH\0#ުSV4~@&N(kƒyfU\0ayX\'kGRWs)*U{NAL(_8GbL˽,\Zӥ 鴣\\p]o=\rMݦS(G1\'9v5lA+-+c}lD[s)X%<*|@g:ccx*#y,^f:T#5`pE\\sX@q\Z<E<MXOfJ~EgȀ߀}{ĸGxƢܖ)|cXyJ 9LaoDnH!HFMj<#db,Z4Q#·Xg`K?81Dtipi3\0\0iCCPICC profile\0\0x}=H@_ST ␡:Yq*BZu0GbYWWA\0quqRtZxp܏ww\0Qe5hmfRI1_C$eJR\Z%x?GZgaSy8ʲJ|N<jxƹ3cf63G#Kt0+\Z$q\\tr8k\Zkݓ0ZЗNs),`D(*lO]D.\\0rc\Zd^R4	t80u>v	|L^ok#onkp<)RP,gMyzq\0d\rpp({=77rN9\0\0iTXtXML:com.adobe.xmp\0\0\0\0\0<?xpacket begin=\"﻿\" id=\"W5M0MpCehiHzreSzNTczkc9d\"?>\n<x:xmpmeta xmlns:x=\"adobe:ns:meta/\" x:xmptk=\"XMP Core 4.4.0-Exiv2\">\n <rdf:RDF xmlns:rdf=\"http://www.w3.org/1999/02/22-rdf-syntax-ns#\">\n  <rdf:Description rdf:about=\"\"\n    xmlns:iptcExt=\"http://iptc.org/std/Iptc4xmpExt/2008-02-29/\"\n    xmlns:xmpMM=\"http://ns.adobe.com/xap/1.0/mm/\"\n    xmlns:stEvt=\"http://ns.adobe.com/xap/1.0/sType/ResourceEvent#\"\n    xmlns:plus=\"http://ns.useplus.org/ldf/xmp/1.0/\"\n    xmlns:GIMP=\"http://www.gimp.org/xmp/\"\n    xmlns:dc=\"http://purl.org/dc/elements/1.1/\"\n    xmlns:tiff=\"http://ns.adobe.com/tiff/1.0/\"\n    xmlns:xmp=\"http://ns.adobe.com/xap/1.0/\"\n   xmpMM:DocumentID=\"gimp:docid:gimp:62b9c2c5-63b0-4042-ae44-38deb0c4db21\"\n   xmpMM:InstanceID=\"xmp.iid:764239dc-1631-456c-bf35-7390e91b8b80\"\n   xmpMM:OriginalDocumentID=\"xmp.did:44c3c0f6-69eb-4ed3-901f-baf1f93b67e8\"\n   GIMP:API=\"2.0\"\n   GIMP:Platform=\"Linux\"\n   GIMP:TimeStamp=\"1688899848462183\"\n   GIMP:Version=\"2.10.22\"\n   dc:Format=\"image/png\"\n   tiff:Orientation=\"1\"\n   xmp:CreatorTool=\"GIMP 2.10\">\n   <iptcExt:LocationCreated>\n    <rdf:Bag/>\n   </iptcExt:LocationCreated>\n   <iptcExt:LocationShown>\n    <rdf:Bag/>\n   </iptcExt:LocationShown>\n   <iptcExt:ArtworkOrObject>\n    <rdf:Bag/>\n   </iptcExt:ArtworkOrObject>\n   <iptcExt:RegistryId>\n    <rdf:Bag/>\n   </iptcExt:RegistryId>\n   <xmpMM:History>\n    <rdf:Seq>\n     <rdf:li\n      stEvt:action=\"saved\"\n      stEvt:changed=\"/\"\n      stEvt:instanceID=\"xmp.iid:8ef5fa44-aaa4-4d83-ac73-d9ebc2762956\"\n      stEvt:softwareAgent=\"Gimp 2.10 (Linux)\"\n      stEvt:when=\"+05:30\"/>\n    </rdf:Seq>\n   </xmpMM:History>\n   <plus:ImageSupplier>\n    <rdf:Seq/>\n   </plus:ImageSupplier>\n   <plus:ImageCreator>\n    <rdf:Seq/>\n   </plus:ImageCreator>\n   <plus:CopyrightOwner>\n    <rdf:Seq/>\n   </plus:CopyrightOwner>\n   <plus:Licensor>\n    <rdf:Seq/>\n   </plus:Licensor>\n  </rdf:Description>\n </rdf:RDF>\n</x:xmpmeta>\n                                                                                                    \n                                                                                                    \n                                                                                                    \n                                                                                                    \n                                                                                                    \n                                                                                                    \n                                                                                                    \n                                                                                                    \n                                                                                                    \n                                                                                                    \n                                                                                                    \n                                                                                                    \n                                                                                                    \n                                                                                                    \n                                                                                                    \n                                                                                                    \n                                                                                                    \n                                                                                                    \n                                                                                                    \n                                                                                                    \n                           \n<?xpacket end=\"w\"?>t)\0\0\0bKGD\0\0\0\0\0\0	pHYs\0\0\0\0od\0\0\0tIME	\n20΃\0\0 \0IDATx]gXTI=3bĈ	52PQŰYv\rs&0k\n3*% 9g&Ѱ;}S]]]uED\"Baa!b1\n\n\n\\\"\'\'yyA^^rssBEEɤ\0\0G\r5kBV-ԭ[Cݺuz~uAڵQV-bO󑙙T$&&\"!!qqqFtTbbTTJ\'%gRZm?uhѢZhMaÆSΏA΄cg%//))Edd$B니0l\0P)U\nUmD<\\.Gݹ3ڵk֭[CSSu1?#ChH|s|R\0a`eSjժ\0dϯV{4DM٫B\r~`wD,#66AAAx<ݑ\0O4XJD.Yh߾=ZiyhҤ	\Z6jK5j@\Z5pffbrrd2H$H$fdfd 55ɈCXh(RSSĊ4lB__]vjժcr\0K/_gVO)r9t\n;tO?f͚G\0׮]jj5\"JQPPddd ))	>|@Dx86]*yD˅\0cǎ1i~\053!%%꧓fDh߾zk׮h׮-7oF\ZkVdff\"11QQQDDf(4>(V>|zΝ;0\00CBBc\\t	ii rŉ\\ܥ\r@ ]h޼y^eLT4i䛯ҟ#HJJBDD|߿S/@.++:M61ah?<ׯ_wJ+sb 1={K.hժj׮]bߠ\rt__G`` ||6[ikRz%\nEmHu?&`o`XJfvܸI>={66mZ{&Mr\\\ZǏejj*?*k̄\\JaI011ǃ؟/x9.99WJGM\r\'[Ob3aÆ_QQQ\rq!?Ɠ\'Op	f%Wz0nxQF?&`W]p}!#=\r2\\d$\"4i=OZZ\Zm݊\0f͚>OMMpܺyS*bXp8hTf͂QhѢŏKll,n߾f+LU֘4y2\r\rѶmoCF-[S-HTT?~瑘W*˱xl7nN/޹c5\nzzz٫N<=֕R_˝ׯ_Ws8\\CѪUܼy{\0]9~D>]v.`hh3R)d2XJII-nݼ\Z\ZظqDϞA*AMM\rchР\Z6lu~w\\Rpuu\04VDeVajjZm`%\'\'س{TN9sǐ!CСCypxC,#88AAȀ%hhh`ʔ)6m\Z\nf*<d&M`%<yD98l6$v292z;@K57oMMMf͚hڴ)444%<<7nq{;ʸ~}\rX-_^z? 2Ϟ=LK\0Ǽy:tڴi͟HKMEBb\"\"\"[7o2@󮩦&x<>ڴidffbyx9c:y?i 33			x͚A&i[0[qD^\rѡChkkM6ܹ7Qtt4p8ٺ`իs>A	\r\r\'p\r@Lܙ3g᷑#?SEpz\nwnfKc\'m\r\rsgaohkkv\ngΞŞݻ7֭̝;B͛7f*x޻ƍ|B!++HMM7\r98ԬY[ӧ#\Zk8yÆǴiѱc`O-dggڵkkGaK\0m6z&Nmmo<鈎~~~`XH17L67cq455իW耆\r<+б#8jl۶\r۵óg`hz\n䃈 H|NuuuQF駟W!B߶mb%bj\nGG\\z8R.ׯX\0]|||`gL53w.3\"66x%_5kB&OZ\Z\\.?mgYصsB.5\0ԫWsvUHOOCY-]%c[Um\r\Z4@\rмy[(R)sذa#\rcǎsdrFٽ..׆;--\rϟǉ:p8[.֮[cc㯒h Px{{ィjԨ1.Z~FF1c&ڷo_fO?F||5\r\Z4\\.GJJJիQXXcǐ6>}((0T\nT;77jjj*&//ѩޏ̙3UhFBnr-7A,C&A*!f9s1iҤ2!?76mڈXUfc?~|VD\"pX,R)N=z]vXb9׀b1TFl >>NDՃL&C\\\\r?wo߂fx\0BݕDI2VBrr2ڶ-[B-LSM55vUl6.իs)022Bǎqbڵ1l0t\rq	&H*޽u)`g9lSSzzz_)))x\r._ \"lݶ\n\"w^~8mǍW5i2JcNT1118lk.¸OWfy)WZ8ڴiǏ\"0bR.Wz|V()0~8dda[;\n@\'@__)-Z`%/ރ@He2d2DFcOL8?u4vpp0oߎo^3tsl2=\\AAq]\\pt\0͆@ -[ѽ{wlRakk.ܽsC[[l...ػ\Z^^^cm\0~ة޽}<ސH$QDL	\'I(	ww4MMMp,Zjݻ)))HJJ7q񱱱HOÞA(ptt5!1qdSN_dagg+W.c_6⩗V^_]_.rH%NWt%G/~|w><.;ƌM>Õ/((Q#GHHO<!T|M֯\']~k.qu(77WGǥL{I$1c=}Ts#G);;[;nݺz\ZP?qc*Cud$A\"P`` %K7o7oސD\"b;4q\"	<fy\\tMvXпzʂΟ;7&NE6\ns:xx8u>|hQA\"55X\Zu]1eT\\WWW3Y;u555ddd(-[\0AnnIMM\r۶mRKKxyy &:\Z.]BJJ29?{cL0RRRp3fΚjjjҥtN:a|	׮^PWٳgǾ=vϟ#G +ٳg\Z),,,,̕/}\\>Gb1=~&LO\"0a<=~bu>SAAA\"WByyy^\"=^zp銄_ft22GB|-^߻Gta@y	tڵOQ@@@׬Yz4hrwKF$=]\Z5}\"\"CJ޴iS)\"\"_b+ŘN%!iŊ_%I&tQQ={ΙL(D߻G\"ze\'>>|\\d)001+iiiΝ;ӕ+/_Th\"x2ftuXX銄t%ڷoѦMTn{LFIW$h8Zl)	ʦ^$e0ߙ2555XY-͛VeI@@\0&OڋBRx{?ܹs0ox)m߁K._~eA\"յg(.0|gVF J\Z[\r\r\r*qJi\ncȉЬYjaHHBC0m29;HA)nXr^1fp1$%%UwCVZamXl9}\\\\)߃k]PP`J \"}QL674?#T*˗/ʆX,\Z4hLܻwnnnxR8f\r0}L8;_-3$,,[nšCpeHccck֭>}ŋ\nL}BddTsĉP݊p8ԑV%III8w&M6WyՠA7nsp-0ƕ+W]ձrJ^|\0VuuuXXXCT*Ö͛q!;--HXj?-h^ɓ\'sRKK	WO}6W<yG/-t+$],YB\nm\\]]T{銄qI(-[J)))*߿?銄`RΝ;LJnnn͇mmiџ5999MO}ٳgIO$Jbr\n+R߾}ӓ\n6FY滇+yͅ|XBaglܸqx`e^O0\ZF\Z-[TT֭6mڠuHOOQQQu	8P555฽=|X.s`j:Exܽ`\Z41+5j{#GR2u555XWoCab2XYܦMԮS[fX,ѽ{wp8j\"ԬYJH$5kBOO˖ZBY3lْ	]MNNҥ04I&Uj;{n̛\0saaa8{4>|@.]Tzl6{{CCCCUnFпddd ,4ax\"61$+W+WVd?>ݽ{WAHH˗/YfH䥽~\Z(00P}(##9/ݼy3-\\@4%&Qhi&ڸq\r8D>xBo^zE!!Cyyyte2ѝBׯttΚ5\\R3ґ#GH(+8Ն\\eGݻ1quH(iݻ$\nW/zJ+dj:lCOWH>OLL$OԳД)Sh)D+k24M\"!:q\\NKK#G\"x\\quH_OݕodD|tEB5k)(	)x++WP\'WwPQ!o߾sJD3cC022l\'ܩS\'aŋɏo#1hIey1b$aԩ:ԪUذa_<@cc;999Xr,,,d 4$,#GBFfFFAFF:._t̞=&>-uDGƙʊ\Z6l%1Jsrr0~X;\0@Ycc&ٰ*y ]|ڵsvv&=]={L/|.ݻwJu	\r_{RPPfjcػ툣#:tܶ>}Jz\"z*OE$OOjU_FzfLƜ!Y,ԙrv~~>/^>8fgLZVW`	UrQŋWW7[2{*D\"X,V+**BQQQq[	]\r5kf͚UҟkN2++Liv5bUhƎA:upy/^`խֳb򤉟X,:]6|77oAfCA8qdԩSfg.tС܂KlXl<uZeXڵ\Z_r9$$$ >.񈍋Ç1H+]U/y$mּ9~\rZkiAKKs5CƍQ~B\nXBDhl<kB6m܀*%WSSC\n6c4,]F*K|>.]ƌӐ0u={Bwba	chԨ1N<Կyyy`X*;??ÛWpmhiiNdd$ƘD*B:u\ZӦOǯŋ!))			?^zlRj;%~\Z\Z\Z֭;t\\hwꄟ۶EfͪH$*W)ڵ/8`u֭㻈1qd,_\\w>|زe+90uW444ӧOCvV&rb%t0qxŌiӠaC>}@\\r^OCsp\\L4I4663g@6?eJpuuWѹsg\Z45kĺu된kׁV;멨		7o	\"f@\0 R\r^E@\"8>rvY`\0ȉо}64H$6[RCfQ^=Püy\\mۂꂍ6lmW6,,S,,>:uE̸)`a)HNNbkRj\'r;{{;tbhڴ)p.nJQ)Sx*oO>cG0zҾ?22_Y,ѪUzn׮~\r455ѨqchhhnݺUաƘrR+6ҐpOYS=ztuЮ]RZ?԰z/~W ׯ1}T\0SŮcF+Xp?t̟?~~Y,.\\t6Q\\.3gp~m\'Ob}SRR0ׁ0ҥ&Ecp8l۾U7:w\\aܢ\"yBg/=X.g^骃ڡUhT\r\Z4@:uٕ9Jd/	x{?g*N*C-(ҡWY###a>y2uþ}7n<ղe\r\r;1xj9&}#γl޴	bGTuA\r/{\0-RJVx	]E]\Zڵ>3`.Ij-[/}hѢ\Z6lU%ԩMMMD\"AVV___<y		r9(^zc޽%tttD~~,--@aRC\0\0 \0IDAT077/\'Nukz*\'y^x<8y\n3gL\\^L-[`_	[r9 -}\r~/bC[[[a]]]n\Zhn\rsss͛אIeVm07X>K.#((wVB.3łL.C:::rrr\0xyy*׳X,g͚A&&ܹgy?z%KabK[X(|qcǂaWjSSS?jjjoXĲʴ<Ev)Xl7/ṕݻv2jjjؼe+FU77W=rl6Ӧπ\"\"\"`{1;s}HH&#رcG݅x\r^;o1fзot-Z|W.\"DDɓǸrG!U\0\0\"Z}\n{pm|QQV\\=qC9Xp!޼~VЕÎ;*TFij\Z?7*|jH$mVϣ;w(\0늄JH+ŋt?XL=YfrE8T֭[E5//(99\"\"\"(--͛kz1	(rӫĤRIHH7nЂ}싒xk!GsQI3Udff>~8ҍne&$HRڸq#\n	*B\r{W+MѣJtȳP\Z88Fau_u(IZѯWtYؽZ 33cI֊R)|||p)x{?\\&c3ѯ_?tС,JUѣ>VZiaܹ000H\0HZH͛cHKKÞ={DFQQ^x---hjjnݺն$d2=ą\n66zaiֽ{XXbi򚴴47_#))	YU1vX%oqca2x6lP%D\"Mr2q^͎	0}42%`E=浞8q6q0z]6|}}q)xx+A.]`nn^zU{VVkz\Zq6m\Z\r4aCV0ppum*_!capqu&n\Zt2SSSS9{!!JOlԩSBdbDFEL fddoC=LZprr®1t(֮[W%\'Xvv6wg|.]\'	W\'Zؽ{zy1puuuWY,K+B\0eK!ati\\q=֯[Ijjja`+Vb޼yxj_\" 992yf1w!j%~mR,f!\'\'9-,,իW!o߾ųg JѶm[#h6m`޼hԨjժѲh3gNz^4im۶Ŏۑ!++N:uc0>_ԴT$%%1V\\^LfpoҤ	^nL7o ?/FFjjpI ,,ӫBSWWGp@qto߾_ߗmW|}}lU$\"\"lmmSEN...LnݻUG@S/Χ)S,ÇU3иqhq|*3hy\\U5  <nTJdl^ArrrG ޽{O666\nfׯ_3f(;C/^0<󛜜*wAA=x,Kx\\ruur_\'rfΘA(55y$ϗܹC\"*ٳgJI-+F	J_[r9҅hŊd8,oV Z`IUa2ܹSi\'Tff&smhh(	|\\#P0L8/\"sss	Uf7nܠӦ1DPXXHvs(!!DB{fmdkcIH,Sn$(...]Jnݪѭ[dJepB\nMYbBCC	<˗.>\\={V>LvYYY4jH>V\\SbɩR\ZXL/^P*#T=}J{OԩS4hЯKDDvvrJ%ԩSŋ($8ilӓ<.~$hٴvZڸq#ؐT*%K9{<==H(QLLGIwKY4wtCSۈ4yd\"XL|W$>>bcc+]2\'--Μ9_B$EVﲞ\'00)}oggGz*+/DBVVH<.3\\*AaalK~Uxe>UqDEE᯿£6r$M^R!CpY&\nF\ZUG8b\0tƒ%KpmNRZ;u;v0ׯ_.\0rl[nõk`oo:us۬,DFF0)\0+\Zd\0qN??_s.hӦ\ro>\\-Zs.\Z7n\Z\ZpuuQ(m<}/VFUNPɨ[Ν;M^ZZZ_	soA.#$8Xdɿgc}EuPy4OOCQ߾}{UvZZd1c~޿R)H(`LZ28Q(3V\\.2_BrrrŅ]璗CqqqBcFy`vEcǌdtPULX*\'\ZVY<*4ɛׯI$ӀUU1bpchX8\nm*|q`ao\"踽}ڒdm6ꦯDZ5%77lll:%;vTp0::<.9rL۷og˷lBz\Z;cR\')++hquHQJJ\neddPW/YzTEi۶m*ȑ\nΪ#/||H$СÇ2\\TT޽zќٳs1<ҷH]{˖-4eEԕȅH_WDNNNlҼy\\%<<<*}||<]|ܹrҭ\\)i{XLWʊ<]2+9ٳi`\"\"%Wr9ݻח\n\n\n]zW.r6>,X`TE>}J\"!3M_,X@!!!;quHW$$k=Ug~~>M<yG;v	.,(޽l¾}~SɉӖ-[h)͙=[۷o^\\~(%`{)|:^iHpp099]8###i޼?Y>KU>+$sj.d2h	|x\":p\0\n+Uwk_L\"gΙ/*KKNK{vvv2OB呉	=zTi{tĉo<LFRRg\\|\r{͛7JGG>Z\"!=]]x.]Z,^c1Gz*=RwXv-$\"M6^TΜ9Tquh\nV)ݱd!\"]W95333g@VVfϙ۶vڰ?wUK.a-Lc	޿cj#..C+u/0\0\0󒨾\\dee!==HOGVv23BqH5PK]jFÆ\r@\Z5n&Qhܸ1\Z4hz}VZ۷oꆨHW ))	Xx.]-̔bwww,[j䴗T[G			p8eVd*+2220bp1˗@NNΙ\0?ݬt6XAAfΜ	!1+	1*O\\T8y4B!1<dfc1\\^X/~IchѢ%8P󇇇ÐXfeVZḽ=<yܹp8(((AqVGtt4Bwo 33\"Ri>P隆h_\Z6lv:m۶hٲ=\'O(33<y:t1bĈ*-~~~Xx#1555,sO^-$Jaog@XR%a[[hٲ%bbb0b0p<=vɓ&*etJXnb?|`̝[fӸx6oeH4551q8`x}.H`kc;c9zefH$ܺu˖-q\r:kNBhiiʕ+HOdsj=D\"s\\x;vl/N8{/_DTd\n.EWW^^n.kJV,#:2^ݻprr\r7\"//5j@ݺuMdg~HfkL0Uf͚a\n\nBRb\"He2W			\\h|AJmDDF\'b:TݺԩD^*7͚5D\"۷o#1!&&&Mw\'O`Ӛ5k[U>nٌigFuQ&9Tի.**piP:l)39w^k/{@(i0hg,]߼AnNlVlLС޳E^nnq\\cil68l6XY\0yjĄ_~ \"šaÆh|2^r\\/\n\nQVm4hРJQ	!ɪɭ###$&&!\"<oQ 3I+\ro.Ϊĉkb1ll!C,f̜Ō5k{cׯ_&\rkTqqҵk)\rQT-԰}0`@)((k@vvv9tl6W:WX\"`߾}p8&NƢEʤfo`)r*υ03CE׮]pgzURRRKܼy>`TL&Co>ԩZBf҆\r\";;Ǐ,Ĵ5{F\\Ą$%\'ÇXӧ ~Fajj\n}}JgݿgϞAXԪ]vvJYYiii{.ЧOѣ9o>8]pTܲ2-\"ュ1;{f#>jtsu`ӡغuB#\"L:͛5Ǯݻ+޽VVJ`XjK/ׯ#5%af44죲h^\\\\!ѬY34mThի!&\"\\zmmX(*,_Gݺ\\\rmj>}͟_);.VZqcb(3>L67=V^]>\r	;>jvڣ!~$P9iñ\Z|QZq8:8`Ϟ\03f(R)ą͌GiPSSY믃бcr߻ׯ`mmYBK?#ׯԩS,Tvm,[kӧ J!JqiԨQ,4z聉\'~͚^A*b0h	*U\00Ϟ~TpuuT/b\'&&bЯÁ&ApuqÁLVL._Cڵ1yD3k׮Uy\\oq\\-Z~PWWGQ^=hhh^z5kVuvvv8lk\0Y?PiIR`lll/$	f͚^z1|iiiiHHH6j֬YQ/|}}쌫W.3JՐ0A۷/\\.*QXXgggڹKa1e3DQDEEa-u&\r2ּ<?X,UQ1caȑxb3ݺ\nl6l27n*bT*a[[88/sfΜYiKtYXjq\'Ѷm[7 A&hܸ}===sdCMM\r7oݮIɓ<<Uյdc|m۶UL22G\"?>zR)==(44WO\Z=ڌ233+\04ɡH$pR}ʍfғ\'OcccIW$$OO*]F)S|͝3_F111U:w)\"\"\\!rKsz4\n|JՍdM׮]ٳg3LѺkUa\'߿\'>TPP@fff\nxH$w^K.Uy\nqEEFFhҥt=ya*͛0Wau/<@ }\Z7IR>|@\'O˭{1s	\rJq;vT\nٳ3\Z1|8͛7޼yCDDwܡׯWvޭ\nWlmm߿12n޼I\"Ν=[!U;,,NV-[\r7J?:tH]>uͿ|I4}STTD[nUHU|P,ի$I(|.\\ }==|{Ν\nmߺutE22LP	4|Pf=<<O\\^hybŊJǯ?}&ODb6lXOR4\'\'wT$ɠATDڰa͚9,UI瑕ղJD4p@~v\ň)((<y2/7c,??~/a-/4fh(h9\'իV)X,ӧQ##ήt<xP[{v6PLPiիI(3rhџRbb\"EDD0f*O:z4`&ǥӧ>dlܟƎCG\"Tׯi\nBɀ:p ]~	TQlP*tV <i\"jٜܪzHzz:9;;\0cc%](9c%IIIb\nF(<z1͟?>YXff&M2x\\24M*$77Ο?O\"|HHNr4M2\rsǏ7RT+PH,Rfk>3gP_,3G,Ӂuk۶xJ;;;UK>+U/##<HgϢR9VGCVVV՚\\iiityt>ɖaNeVoTJ			Hcǌ9gM<Ξ9SsǓQ??\Z)߿	ƓmVrb|^)Nc{U%`(,iȐ4eʕ \"\"-[Jz\"s2)*	V<T̗Ȟݻi͚ՔL4o<\Z7nbz-yJҔ)S7%	%w\08q]\n4~Xjբ9V*&&vܩDX(hԩ:Jf͚I|BCB(%%<nd	^	WϣTz#]땻H$C\Z`lL\"!-nzq*m>zU$vvǪ<ȏ>$=]\r#H֭[LSݻw<9MJ:g>??5׮X,&OO\n\'u3B\0\0 \0IDATjJ63lf|:s͝3[5@)r9:H:]T{.޿>QF*x\\*-E.3>oҘ1iΜtNHHH5ww9!K+ٔAvɒ%+qƒ7d2rtt$=]=y}ua;v\0;%%t<S,N<~۷RrqFѴiS+ulI|WرP\\\\	<%#YZZV\ntR4%α#GTxW\n	ӥR_ЪVwhQ3VQr	| =]*D/0\'WGQ||鄄:x 銄$Ed#7\'Lz\ZPn%	ccc}=rʧRXq7WW<xI6}\r\ZT37o฽\npw@\rYf]q3Rx<(BZqbʕ֫W!!x}E\Z5@D8zK.冂nڴ	W.;1Ul6\Z7nbԨQ.*J3gNc͚ٳ̭o\'-ZѨQv؎֮&xiUwPǏd{5bbbWn+W@Y33EEE9Cxb%t|>|}$^DEEaP99\Z\Z\Z*pM̜1޽ŜscN)Ϛ5k⧟\r7t]aT^=sr}x|deCf4ϫW&тd zYZZ<.9:8TxܓDO\'O={Ty{BruuGhh3\Z`lL\'OWGFF*B>ZZV޺u+9;_GVVׯ^јfԥ6TK/V:;fL(88rssiRK\ZlbR=h4)CHAd2=}~mJ%])S,haPV.V-i#ʪZNnztefі-[HWTǏW+((H),&KLF631/_Poٲ\\\\\\\024	;VmE\"vl]SpgeeqYj9K߾%==&N@֭VGURHHH̤5kVUF񤾞n+ordP/XD-h8z%z(,,L	)S,H$H(={vSHb1M6M nme^	ڸq#h릯GӦMTأ/atss\"m~qcǐwғt)iwH|ϟY\\Rv9hqlGK/.sJJ\n]x\\yfYfVhyHH.]ӹ.ia4eEӧO%KW*B`)fff_RѸq$HW$k۷o+t\\tyyWyMzCbƌC7owTڼ}z/ Q:v]{ek/k`tM:$9#䘐}s]{33~5mgkS/ (Mm\ZNV&ET袢Bzuts3ܬ9mmeI[[Y3fL)/޽KKKKi7ݻ>ޡ5p:I#%mn2(y!!!\rÆk֬=C-]TTTn#FVgjJҊ6bbb褤$w.//ummeIwhO$!UO߿:thBڧf@Z~~>mkc]g^>&&FRλj ?aѮ-mĐv>\nǭh:mĈB,0a?UP$ޱ\\wNNݵKg:33r+Wh{;;*)]+0EѧO;:3CvҽtuׅM\rʴfR4NN\nݿw\'\rnXp!RRRĈ޾񅫫\08ѣG]@ vڃI	3LIpqqeFJ===,^SL۷Byy9,Y[lKMMŴS87oֶQgA l6[TtWXxfΘ4H\"WTT6Tp\r=s|UxCCC<{Xx1N:	k1j(`EXh1kK>}0dPyt׮]#Gp!yg_``x`Bŗ/_:	(\n^^^(++7d}=Lhquw|	lܸ{ѣpybuMŋ@@UU?`\0X[[KMEDEEbcΜz;A7n8ŋe8lmm1MyyyXd1JKK&\\3P΢i\ZZZZp88vFW[֭ׯCKKjjjR ?\\.Qmii)܅Xl\n\n\n$FDD3XXXhٲ%TC9w<M*>=\'%%aοp-8===͛1$\0пx<xyzuf͚m;ӣQՙǾp>$]$/Y*6>¦MbՌm֬3!  \0vv Yl=7m۶rx7mڄbaŪpR011C`J[{IŐJ4⚗T\"IΆ72Щ&\n.T,_\\.N6M49{iرgOx3[aAзo_oվ}{زe3N?cO	ӦNH=PSW fdNvB[nԩQC-::\Z&&ة˗/a!rуh\Z kʼ뼼<f!\\ϟ=EQ\nЬ	DZWlڴ	8p\0t통kV#33s!8(f&9rc}||.Zj˗˜y	O1u_q.EWWW:.]WWܿw吝ϟW<yPQQ(iT7uˏ8	Vr|~NᕗaAPWWǫ׾	8sL\rhʼ;5cXa޽L~aäpջ؟64Mr]\Zx{K^UHj>I;f,eʢA@lw---œ\'И?P6Ȉz9,Ǽt2|i4Maعs\'~GsLE$RH0g͛o\n㣣a5\\C9H\0e6f\rx|=s\ZO>8V]]6oEu5zzz>c<^/keLqQTWW{!!!:uXYAAÐS]JM4)p%֤&FxU1Jq~׈Yuu5;f`+)\'XYZ7jjjy\00񮭭C.mѺ\04m{fY,<<Ȋ*\0s#\\])&<}Gp8\nInn1s5Jrr$$$Ho@+S/o޽ѡC&cV^(i_ѱ؟)))s5ϫ?n,rrrcF\Z\0x\\Ah\Z_VLkŽw+Wbw\r+WƬY%\01 @y*fZ3G*`VV{|fffhڬ)6o͕z2FfaHiK,OAw,[S&OFbbL->`(wc3RUU̙3ԫ7chƦMP^^.޽;ځC`Ȑԩ͛6͛7RYӧOiiȑYMMMǽpi\\n52ormۢ	?xp_;.3\"&&,fpFElƑ>u=$,2֚$	;tB.]v	?TUUm;вeKXYYAOO_\"t\"b>f66Mmm]Vf.Mp\Z\r-nC,2s`E9s&c-++p9p\\ٵ\r&pWur+++cݺu\rAII	(§H\\|g;I&x	JKKѬY38x`?C[nRtn`kk0j1\r8Ҟ[k.tuuannkkkL8\'O)Sb6&FM۪\'kELLz)sûu,SNNݻѣ1` _Af\'ŋF$O.ӋbaX`!`ee+V`ٲ3g.Ə/w8yC:bw>|pucȑ#zΟ]]]TWWύ0~8|b5FCIIII%e*޿\'c	ׯ/^zYo6m1#1jjjǑc=aѣGRp0}t\ZEʕ\rDECC+WSAFNN^|x$&#))ItуF4o8t-.Ñ\00jwޓ9!\Z\ZO>%%%022,,,\":Č oW^ג~\rmێ={JMyy9&M/L{Y1|W^#rfב(p#,--abb\"??~bbc((,3\r\rFkeX8}i\\.߾}CLL}<5AII	ӧS-Zsgɮ,-qEGؼe+JJJp-޽iii6ARAee%w1!C&kKnn.bcbKx{\"ol,\\X.6~޻w_o^4&\'\')J<xH*5\0hfffPSS\0_T߿9iӤ~j<QQQhݺݻw#00Νy{{#c-0yd-11BGGeeeb=<|p4M}=ZlSm}\r;bZXXBH4Hy 	B0LRuuucƆѡCך6m\Z^<P/{.~7BII	x9Ν;Jp8VXEESMÆuk\rRB׸q\Z,\\̛\0={DVm6xyzbĉ\Z)MMM:׼@Qrs\"RP?	Bj\"kRG]/OOA	@K[GjlAQv܉x899޽{k>rNNN֭Ԣtd6#4Ob(**&ϛ+fyDRxxpWtVVVltbi^	 \'\'џ?CH<yD81D*}֯VXm8lٺ\r...^6l܈ٳf2|vlLhm֬2-؏+W))tJsڜ|\\t	SLkGqq1bcc\\tl%%vډ\'3%#4׮1ӧOu+6EQx.!{N Y,L4IB\rGXh(nܼ	3fŋ?o.<}&3VxX,7\n\n\npY\\pyprr¶;`aa|\Z\Z\\*f@4c/ϫ	>EMvibг<xeK \'Oсs/7ËϱnjDEFbBu\rF[7ҥKXz5޾y8|ܛ.&o\nN?Ƹ2ؿq1,@2mkk???hF@@\0ƍ\'\\o|}Ts.\nFJq\rE,^Æ1#I4hlmYY\0(W˚6xǏ9cN8rXo܄h>:w, (MHj\\f?l63gƊ+Xc!3dIEElm`ff\00oa˗`0iHv55R+KaekO	Bq~;?X]vzzz6w}|J\Z#ze⩩LIprvnpƔxDGG3q}ТE׮1&uM8@,VZMnݺ	\0UO,]\\\"n?` \n G!I[hպ\rMKBl6V^#>>i\n{۷/-3g.߸:Ǐ:e2\\\"MLLl\nq.\\3۷qU9}\ZΟXшj\Z={2522BjQPTUUlܸDkKQQ\"##q 77߾}k3urvfBJ$ŚL$;&&\'Qo#F,ٳ\':w޽q}?7KR_>O0^>\\]]e6֢\'N{(tvv6EQ8vLMMqY0?x-o>79з_?͖i888o̞زy֬^4X777h0;l|-7!44**\rCXX\rm$H߯N<iiix6\'z9;a8?j~IK JWl&i.*R^^*8K \nǱ޽v0uK^*Vap\"nSpp0Ə˗.ACSGî{)J5kr㵟%--\ra``;v`\n\rou4-[p)㍎OI4TTTM8s<\r\rqu:oktttp\"ƫi\Z^^^rqq͛tr1c \'\'L(\0:vȄEr?kELF`ͪ}LC/pIgrgDpwm:2$$$ +3qG#л3>/_`СsQ?cD<zF0`;<M80\0wňnK(o~\rȢi\Zg\\Mf~)B} qYXXX0\0|UUݧO 0\rcǎbO 9Yzǈ#pyrvB&Ybdd$\Z,Ap\\x7oSOL:֬]^K._&P\0|]R333 ]vOXbn0(9z7vzt#!!Af{$1s,Vrr2/_[6(lٺ_\\/\0\rrS߻u8~Odf{`6q<\\xikUdRW@Znci!;={g{vWǏdd|Kǌp\"X,٢ٯo_1w<Ç:7\"\"kV­70yT<7<}\'N`ܸqh߾\rtԩR@P!ץk\ZpFII؆@\0R~+A\Z?}T\r888`ƍxwALLƌ%;??/]dNII	g˗p>wn7n3ļE*侉T~~1]=s7\0\0 \0IDATwGn beV̛7O\" p۷B\0A#Ю)_hrpኅ`ٌC4M\"fYkk1wuza8wcٲepvvq%<$LE4,	ʗ/_pe7ڢJOOg;IСä6\nddd`M̋сs^صk7^ZX,Ld8x\0xFYy9_[oFn+-t>Q/ϫB֭q	6zU$IBYYgΞcBiHyj}4-\0vV\\.PD*eURRoL:U^ڶm+622A{1N\Z666\nUUNECKĞ.όeTVVFl۶w3^QTbcc] =111033CrrDՖfUUU#11s{all/`u\rM>}BSKKF55U\ZP(ؼy3<%b`kg[Ȭ>EDDF\ZAKUOn\Zyyy\"/{wJvڡ&M/G 8;; $1ߞ)Dh%pBT +/++CDx8fΚݨ,44TLVnXX(TTU>\r]:w={\Z\"ڒ 4BpPP\rѣ=ɯkVV\rr)وl۾Fl6G#Gd\0gOt*i]ֻ[Si\Z~~̦UUUmx6~1nx<zN,\r(FXX迮ڰP\nHJ؀P]ذ@HtXVPP\06]/C\"RZZ\n_LCF3.u~~><^ś~ jv\0x̞]^(i\Z>GPP tutmv7QZx лOo*Qo;!V-q1͝j1dXd	&L({oHZyy9{1khh`_;س\'󠬬>mNص{7\r\rbYjjFM0\Z___,ZQ=Ԇ|+K\rEQ())FAA;\';-Z(߾ilݲk֬իW_A7\ZKz%%*++3Ӄ.w%KܵKmhhh;;{b݆\rbj2{ՖΝ;o&ۏ)S֩Ե1\nE~܉Jcaa!P4}Dfۻwo&5!毖-[¾\02jݠ, KA4\rpٽ́Wt\rK.燤$׻E߄fҤf***R\ra\0~`\0c_0¢A[EkE8|0GV($\"IMUO<4x@Ь\Z-ZDǎǨ(p\\4 \nr	:x..8?^|!vLڋ Kj{ge+ѣiZ4Q *((;a˖-x(**Bvv6RSS\0z,fa8:Zj>}Hj}{vCнGXYYnxtgK tԉ~\rVZ6ݨ-lջ7l|	;wX]]][fffzYMY7l{CCxXhQyy94nW/4bbby<.\\\0\Zm$ܴ޾֭[3e8t{\0q\04q[M݃@~e^BYQQƺ@$8`dd0ʞ4!88\'ö;?~Ce?ÇǷow׎+W%C gaaMMMYwҿ\0<qB{L!z[\rMSSSXLfI1G!2gϞ5X,0-d@UUyo>Şc6nƨByy9TTT,166|>h§ϟ@Q?^,$*::4\ZxHJNb[-x***@D`,--1x`,X\0/^[?Hb\"ԇҳX,hiicƌP겲21@ifLcOGTTT훷#٢u6\rb(\noR(4h.]==}wL,֮[K)rR@jɤOjy\"䏎7oJA__ǎCѷOo\r7nܨCt`+DȌCyhݺ\r㭤$ぬ@Jr2P[l#iYYC}-D\0UULgee-z1z\r{;:ׯ_ÑvYݧ7YYY׸oN=P`SB{NW==ѭ{X,3qAyfB7[ʵV[|BI-VUMilۺpe<}^װm1^VV H9RUUOOO{\nZl<obb\"*rACPִYSnTx2N>۷o˗bbbW25y$;;H\\+i(Z۷oUO/,Z׼p!$66bAtgFuR^طoFB3Sܺ}G*<٭B#BpDx8ڴmÆŵinn.||߇a\0cccXYYa_|#MZjŬMF2ۻ[fxnZ;+**.//aF\nDII	@ӈ/\"As4([y`ҤI\"bBMe:Xv3!;vD>1klxrݧ߻wI5t-[DzzB<O>S̀7yEKKk׮EYYܵȵ%>>>oPGzcƌœǏE,t	64\rMM-^cYFYSш)/>*ɬ]\0\r62k[Xg \\x	5;FPVVb;8!888$Z+&_~E\0555mg!bR\ZIpt\'_d񩪪o~8y-?~bAȆ\\S(ϟ?oo\n/Ep$`ee3ߚiDС<==8,_y\r}1o+3#A(G^~>233kz#b@*.joeee`pOy\nAQ	#iUbgd|#|R|,Z\0`imڂЬiSbAkqm$jCAA\Z-.PkpEQq\Zf̘64nhaaaxz٨DACMM҂=\"#\"jh\"QVV\0$Ib͘1c:ˬ6W2-ad4@?(ؠU˖ѽ;\r\r-7P-åi*!uuz-h7[]]tEғ${\"+3YYYH$}w1);	ZhE\"33޿!C\ZUϞ=];wD$c1bAjBjj*7q\"/Y6rhhh2%	߿e\0LMMq|$IYfc5556o4[or2+AUUUXb9<̅TTT%%%18%5x\Zb:\\RRv6KU-IVV6Zj]ocZZ\Zw_ee%\0K}\\.%%%hۮڊP$S%ժ!MKui\0;ƷQ cu񆖖OEڵkpqu)Z?4\r555p\\l߾\r!k.&{\n\\.:2Vfff\"ߜDQQX^j墊\n̑^SԕUUU2Oƒ%K(|KOǤIU)..b\".>R|ajb&M]]]@SSXd1N!sbXlRS2wx=/!CTWWŵb Э[7<{r\0;Y\Z?=NTI &&\Z\\>8W44<ض}`M|\Zz(B&FkFT>}3Zb?b㪧TfX022bhrQQQ!@UU׼<QRR-[\"3#bzzz IUUU֕W}yE6ffHKKûwg?،0cƌz),x⺺z2ᬯhV+a++Kp8$%!*2]\ZPL!T#}(\0e>Gŋ~N===b7o>XC_UUU؈\\C_k6mۇ}/\\l߱AbiӺjq7ƌrL,*<+f\\\rVJ}+<a\\䪪*LZZuӲ>h|%Q9gii)Z\n}RQQb033*W!wff&֮Y\'OC[[żƐI0ۍ\"Ǐ54\rUUU|쯡\0޹k+roPRReeefo\\{\rLٳqf,&ZZ8&\\9M6x	Ǒh蠰CIII,[\\dqq	cjAC\n/}}}4om۶[d!xnݺׯ^!11_|ARRt0AN[Tvc\'gA;뺅Ǽz#S7zCKKK\Z\rX,G2o|Ν1n(\no߾Őq۷oɦ\"&	\nLLLp7FqmGuu56ȓ`p8[RR3;BPS\nTWWI(gD`` Zl	;wwn$\r6H_ZZ*VK.]\"!!^OoݻǎjTYkX,L<LЦiݺ5nܸׯ8]]]c6O!7%UFF>~u558::MM(--̟@Td,X\0eMuĠ;YkR./_@PQQEQA\'CUU%(-+EyY9JPTT,$)W?IPQQeT@EEEEa&x@.Yhc6mĈ\\.4\0P@ºmD:t\0I(..LZT^\n_.X,/Qj6Xl/m͙3=z8e6k.:q8\"\"#{nkgQk<\ZZ$Z2UVTJ(pé׸q8)u1dl(\nPSW[?AG[\02kjiqhhh\";+~\ndPGRQ^vUUn*j~nݺؘX@EE**PVQT:q8PVQ%%%$	fڮG]PVVжm[\Z\Zbӧ.]\"QfffeeepSN@mذa=rrr~ـ!trtw<GŃc_bIR		\rQq[3IRr}\r$(	j.eeeƒUIlP$q9<|eeelXfEu/$6!zOU`sEVQl(Q`䋡4ME Y,\'dy$	p<<yL eO^^\\Cuu5ڴi{vg%%K]na߾p=DFF\";;[%>}\Z5V͆sޘ;wAcܹ3N:OFee%/^l\'ՙb@]]ݻX	\0a7Sך--m¶|s\rs`Xb\0>XǡU022e+s<:1c0f8}#WC}K׮x1rss777fӋê+Ȥ%\Z[Y$	\Z֭0hE{ׯ6nX>p8x\"\"##k1fCWW={Ju2H[;bR}s\Z%/x\\\0\'%Hތ>&Oڂ?&L+\ZҔLo܌aW77YF掦qoBzں$& ̿u&lބ\"\Z\ZzQ`ԩh޼9f1x`ʕ+z|Q	A000@tt4Ə5k\0}(4(v/k)KII	p	555CEE2[	0KRZ!G	lUEx\\[f0\"9|cǍ3)((ٳg1sL\\EH3l\"\"\"PUUmJXmeef-//w\'o޼9455QQQpdffc8{ԠVB&XaA]6m+VwBbBB[o---TWWcU+\ZUUUPRk/ZT5aa99f2[L +RBLH\\vUUU54EP\n\'賬C!&&Zb\'\'\'&E\0t10vh4732G>>PRb*f%ѫw<;f4~\nY̍$A I+F_ݻܹs<Ш0[7o}p0JKJ\n\'gg7VSS}Á\Zuŵ$G	HIIσyJ(Ыě(=\'[KSK+ӲX,p8NӦM\nI\r\"66#Go~&}S{&moPMM-&yhtG!\'\'痠l6vXd?REGGӦMCnp+ekltC;,bZڝШ2c`PUUuȁdggx$idHQ\\-(q	hjjXTWW+TUUqGC,VZ1e_ƊKUO>A\\\Zb`PgF\r\0 }\"BaAX`5UT^,apuuUxB]4CO?ƍE(OB>>\ri\r=*vn=BXX(SNCCC5}frx<f#Ib\"CUUUNNNƶm	¡C$ ;;A2s-K\n~Ųa>~1;/_0iK*v2SyhgZnM0Yl6Kᔠ4f1xoR~ˑ!FtwG$,H~FxE*	H5ij%MUU\r,	TTTp	.x&fH--h5\rXd)wP\\8gϜaSF%6͛###/TTTv1ׁ1nx&qww	6oބwcny%1bbɒ5|x!\n+$obmw?\"s&[lFA~!P	з7\0\0 \0IDATFDnо}zgN5z;11mbϫ7TϺC{\\x\'aann.DQ%ZZ`,bDGGcƤ뇾a9e\Z544XRA72HP̬,,kݺ523,V z¬Y0|\n?\r$$,ĄIĉ*UX,kkkxyyܙE.YXܹ3Zjco\\k8p\0E>}p:\n=ڬ&`\\!Ik[%1idYfr!ZZ`n=>y6k&HN^<\ZRVZݺIܸ\n6GF\r\"y]baȐ!z*̙%%%>Jbp;bHKKǏz$IhfLo1w_2\Z\Zb4hΝ;Ǐ(9޽\nDJJJw^mW\\YY8h0ta)2dJ$3ojRS#fx<rskk묦&ؚZZbMd砪\nb;Wbb\"ށ(,YgΞcoq-L0A*Jljj0TЉʔ)Sv\Z8tdc\r4˗f\n\'1gȶmۢm۶9r$233H\\DEETU???_8L1Ca_XOIPUUqaaaGǞСܖ>\"޺u$::\Z:tgN`y2<;6br#ۉ갦&\Z\Z\Zbvyҭ{wĉ?~<HDHHܸ^׮ŋ8ufΘfìysB_ORĄq-HRU%=Q[[/[V*+(BB|\n\n\n\Z-6@GG7_R~\no}_rK>\\aNNNƆukk>i[lE$IVŋ8x`?ʰwn	GL񋢓i}(ѧOr073|:!Plq` _>|8?~˗.s~Em-[vΞ\0t˗>՚F+ólNϟ?#))	\r۷%%n\\\\<fb\nE#mŧ\n+Jzz:x5Dcǰ}ǎFddd-%KM6066~pP]?X`!QTX7o|\"]VVIXsYuuubϜFSFׯ70@f1a\Z4yyPSWXjԎ/83fؿo/\"\"\"n:ͣM6b}			\r\"ޯKpa\rIJJz!(~\nw\r]@T333ٳWa7:fLmC;==SLƺ1zhTUUa1XI=:\'\'GKPSSuuݍƷo.$1mtIu\r\r\rѾCĘ/e+DD3:u3\ZL޼ysBi6\"-))ukрwh8M#6&F||lD|>w}|p̙F;ghh\Z\rѸ\\.̟Çĉ\r\rK%			bbO._MMm>Oϟ?b&%	*5\0||.B)h^!UTTж]ۚ^0#.<z>k(^iFTd̚4)ajŵ[4iL۷o$\Z*\\.{5f60 #\"<_Ey<N?o;_}d%Ĭ_zz:\\.V\\T̘>\r+Aycs3GU[,۷/ZnٳfcXd1\\\\Sy*** ╶2Hs)(|>N>}SQT444БԱ*ʕ+5mڈS\Zq88ŸHNNnyYcTi27\'G!$77_\rD{MR+E$IٹX1PDD\r\Z~cȐ!0q\"?xXֹa}(vǎ+@JkepipLQÑהּY=0\rQZƌz(ߑ \\~Zjme%vOlm<1p@ܼq/^b:v(g7;}\'*P\Z\0M^7ys0u\r5R~ 88m\n\0W;w0p CMMӷo@B6˗/$\08cȐ4i:t\0CC#ݓY\r3j@QĺCsX^^B --			GxXXM0\09kB6mۊ]R<3п\0CGG-Z\0łzu-,,TcL4l???l޴Q;~jHIILR\'zozzJ=b!$i&:bA:B.Z>O\"/7VV077ǤM$\nD?*2\nVrٵsoliȞ;x\07H@dT=}R-&&xpsкu+P&8q˼-Z0<N±GsW6L泓Ȅ1\'_nx/,,+q1ۤ$$\'\'1kڿttu7oaslR	\rp)$$Yhm 33)))hҤDU]yy9bb]M6J/ܘ.zÉrx\rx<_cmaĉh302j===#bcc@Qޏ\\XX!8(/]ʬѷ_?<}Bu|Yf*O*FDDD5g(\n>}Ď۱u6=*$i?.2:Q肂y\0r6uڵk7o\"??鈍Aȇܿw=}{A$FZn\rSSSfwr=ob-^h(ـ12{A+++㍧O֎Kƍ\rsə,))ׯ\"s]qq_Q^^:;99+V,C`eeԔIE]7n(>YTTU+WXdMPXXXo5//x	L`E\ZR\\~|~]lXN0kW̚5]v7MMM䜜zٝ\'+lܹ3&N\"dff\"11;A\0raԤ	&GE1)ғ = \n]TT#99{%K0tP;tDvv6tuu*28}4|쨨(牋(رƎ]eeer&M>j4.Qk̭[ӧ/Zm$Uqin5>˫ސ\'\"\">vx<wa:\\x	7nނ3<fb^YWٓtieɖTDV(.K,KdR\"QBiofSo|~z{~;qqGg?A*amm\r6^r\n\"\"w/uE<L,Do߼\'uD͇Brرc;vZܥ_~\'tXzz:N8BW=&A*)))hi鰵ƂK-7,VVy%b;LaAu=&	6JEEE(..FII	P^^^/PXM44\rӧO;&?\rq8l֢\Z`X(--EII	JJJ(f.Xϊ\niEc8vѫW/8;`T`Sfw_$МÇPt邡Ct:Fb=o2@\rBFmڭ[70ӧOҭ[WHII/CÍTTT`t9{ɱcȐHJJEZ	%F믿rjkk)R:TVV@__\Z\rܸqnn6SciprrFiI	JJKPZR22Wb\nUUUQNói<2N%\0^g7~ͥ1|6lV٠~!%%ECNNJJPTRTTTVкukDDD 90ydo߾[Tم ;;[`ݵM񹹹H\r_ai${{h={cǎM999`K<jFF3ckjj/_u\ZMhFd̤Bϟ#=9TT1g\\`t<-,,|/	z0$ٳ&O1yyy`6j)**\n˖-kFFFԘwќ50`VUUbee(SR\\%(+-U=\\.AFFP\nYzBZZ\Zʔ2UUU(++CUE***PTR\n\099yʊSϝ;KETʿZdψAe&Z`0pvqzOO?pZC7ae5MK>}t\ZZ\"ӗ 2*\Z999x1Μ9H\0*&N1vہ`W\'%Dc\rָm۵k%\'\'%VRSSj=z􀆆&$kn|w.((((Hu\"ccj4K߸kIڿ}UUUv>lݺO<S6;Hwd]vmA\ZAv$zBCdb[ii())iXTToߴȱkk_u^z/_B^^C?gL...(((022SJ\nSRpCD$שMFAQ\nၼz\ni))p\\b1Err2v.Vyee%\Zi\ZLh>	 ##xJKKWܹ;wM}&gLǎQPX#	\\\Z-pf}bkjjЈʵCnnرc%n۶-,pB<\Z0!ſ\Ze,L&JKK񸾁_Ԣm\0011jZUt:ہ3UUU67ۘ|X,0=FF~e{0uu޽-&$\n)@}H\"//=z;wDB=<u\Z+WwaHJLq$}_\Z<،{Z?4\ZM WTTġhۮw`9r$]\\`0x\\\Z̞=ܹ3CJJ\nLz(L&hxċmǏAPQ6###~J@\'.]Э[L6f\\k٣gO*-Sd2%DdG<~!XBB0~-n޼	\r\r\rںYqFbtXcvUUUGf-,[e^^j#,,C/!2*\Z!!~QI*ȟ\r\Z\r\r\r͓A0o444T޹sg!<zSNpuwj9sZH33<>}ʧ;d:##;vѷoZԠ_~!͌琗`33\'ӧ0G`00@ޯ_?DEGe&<׮!bcc)},QإP>߭KNѾ}{HK%B,5z=~{7]***ѣ\'vԡ}}	9|p:ҝ;wQsΛxDx9ҟ=Jf|vŋֵ&ZYAVV>EF;Ф荁Lf\"d00`ӑ5222=ztag~_ItҤI|)--ϟ48tOĚի(>^|S--Jܻ.njLĚBxpp-FPy$k/23&~7oh4ڎ~`.!^|q̇[;ӡCZS9m\Zܿ-tCCCn-qMOjVTRRTڵkq8r?ںǸIDnJdbz2T||<\r0\r:޽;&4W{l$\'\'c˖-puuŦMqeŋx5lllĊrss97ʯG\Z-Wt?%=uu@ё-{p,^\'Ml҉ZQĥЋ\"ǲ2,]3AWW7nUUUk9F\0?~<:tTi\Z^,o`\0Y<|֩S\'SbwBʄn-A޽%\rCy:\\x\rXJ˸w!%%%uDm۵]5`Æ\rCtT	lw 5uX52:C׿÷0%zҥuyŋ8t\r+#+3[ePRR3aj:W]:t\0a%%%%x_Ol6^6L& //&UGG_~-˳i4ׅے-Ά,--U>|-``\'_fJJ\n]A=#}z\nÇ\rEiI	EOԔݼq4stt͓+Ѹq3fffppp@gMMhhhޕz&=ŖHE\\B΅8ov-Fl>(px)CdD8AG2\'NB+\"ÝQFzeee1e\nxp8\\t.`ffq`4:||v331Bihqќo%.l\0Rc{1A3`,h>v5:/WajjOrq)\n		طi\"!MOW^!2\"׬033Ǜ7B`ԨQb]G$\\plXZNF,	Ν[_ؿCxymزe3Zns]r9\rS\0D\r\0pI!\"2\nAAA,\rQ~c˗/Ptt@ѐ|-x=}ޘzJ\0pȾEuJ\nt:\rᡡHIG-l.wwwHVV22طo/ҨCGGG)[n>a0>Q$2/ 0\nl:p ***p)|EEEylPXaI<t:FڽG~\nPa\Z$%%Jn\Z.x!G!X0.c!B.\\D@@\0/X=`=i=\Zw.G-[={6*++!--g\'\'xxxݻ|UWWnF!9;wl~_MJJ\nRSQWWG6mڠvOdY,J|bWWW	oЍK{y\ZiiiE\03ٻ={FƩg0IF.JKKqA\nixb\0LܿmBT_bqƎaC38iؚd?_\ndݻu۶Ԏx	W~\0\0 \0IDAT%:Zb61`8tco$K9sѫW/qw)ݻ7QBPXnnM}BvlߎukL5455QFa${\\.V,_d	dd{K$ͳM4{o|ꢅ`Xl6ZH\"|>~4۷oXd1pLȑ#cԿ1edؿhݺ5\0/Mbi߼qe%%Tk?u.za\Z!%ń>&L/\"<2\ns]`͊pJ4t쨎]\n\"lllqMJ={FgVSmD\"@mc3nܸN{w¢~j31~())ANNIJJ¡CuV*hXp!ܿO-[\'0h_A[[%ToϳUt:>|@:߿\'1pFO.N=Ah*++iqj݃rrrؼy܉Î`0ל8{6\ZGGG_!&\ZRSԩSX|)G]Iеk׮h׮\\^xFd66MMz9_8.n.xw\Z9r$?Oo\n`_*j5ujX,jz) cǎPTTǏؼy3-ZmժvY;r4HKKj8 %%->::رH0OX(*+	\Z\"n8q\\߇,Qy#Łp~\nt:vC3`iiYfp@\00^k6O@EEuZ؎TEE#pqĉx\"۽^	rʱl?v#F]:u/7<\\T۶}{*xA<ӑ r^\"UjAp8ѣG>fG|}.*p88w,Ν;\'uYYYddd6?\rsG9vkD({uu5y\0\n\n	YYY]\0Μ>Td2뷛᪫n-#ХKfrssosh4\Z\\\\\\$۷/6oނ͛3OaT,_>J=;Jk;u@/lIT	9{Af8tPMnn.7oĖ\rx}gpf#00nsp	L6\rai9h\\l`\\ڵ+zoMmLg8rT(jggw`2hp8?υO\0zTtXXC}_&yڿFdC0t0MO;vlq*Be0prv{Ժwwwwܸ5kVM,?3fLGTT6n\033sq6\'O&M.L+DEEJDK䄲J1[k>˖7IД9::rq9\"Uh~p5ҥKpXsk1BOYfil6^^Zedd`cc)nˤ	=5L&m!9s&\'˅\"ǾWr}\n3RRRz\n_\n)pnURR;aݚŶm[ީIRΟN?g	3~СL)EElܰprvKa#22E*:T8̧$@N8<|˖.t?W77^\'\'\':VYKxs\\ڵS$9`\0hhh\'ׯ_0zHX[[B)oL&/_-sZ@VV|D٫6:w,g2Xtue˖aa\"ZZZ͆-ͯl6R<A֭ajj;wӓb(,[/}x%n݊[$\\r2Eرc\'_sD⚲2Fz-7oCp	FC߾7MĒDӟaҤX0\r%az܌4{l	ڕ\Z\\~%YBBBh\0^F˘2e\n޿ooo̝;|!6oI|νsx\r,=z@=ߦ	&o2f7T8Qcѣgj@JJo߾Żw8,]ϩ4ŦMӍØ5\'OdI8zbT\0<FLݺD\r Wu+5.tLoiv\n`)Xsg%i<?=\0{{{r֭k(ivE]#-pǉ\'лwo<~&hk\'O۷{nGUUvo~|νu<yҘ1eee|]<F%\ZPSS=PVQzB&h=zeee|`10;w$܎`^ÇgyۿY,n:_Off&.\\\0MիV	8}4tO飨Ξ	kd_]vF}iŒxDQII	nSDF7[׷ܾ[$zܯ	̙aYظk׮ѣw^\\\0Zn\r?04Ϲ݃ÇK.hFh4o`}ߦCӡ&tll8z(t:gq\\R#M;$\'dPl\rNffn]v	teٳuԣgO}{QZZ#G\nU\0il\"QQScgggcvoDD#^_&߽{;qpus{$99uYbĪwX[[#9j8{,F,(F=3f]\r7@Qp\\?}a9;733\Z51a4ȸP1@555ooo޸v=W\0hiiAA^aѢPVV䠤i,!@IJIIA^^27:yA[zꅗ/_BNN4\Z\rmڴD:W.y)VUU~᯿݃E^[[KD]]***PSS*ee,T\nyyEtj51Z\'OuijjR-={өZ֘={vNF\Zu!)17lkBBr1~[SS3O󵷊[˱{<DE?Oıs=>\'n\Z۷}l631ih,^R\")gϞT^///iρfR5F8\n8CiE`0@!--\r:^O+\riAJJ\nJ< /:0Z4ˮ*nڴ{;6edJ,Vy*G]]-X娫FUU\\.jkkp@\\Աr9r	 d,+礥!//666pvq$;;hu&d\"$$VƉu=|۷ٯ\\|\"cg\'ĭF,nF`Z+\'\'/c\"ӧxSΓ2KGlf2ppǏ	App0\';ӧNQ˗/GK\"y6___#7,^wވ^q3:X|9;חpC;&΅\n~(w2TTT2|%Y	\"p4oAaa!EEE6j2)j@@@h4(++fj\n5PSkuNHĪk0uTצPQQ!Cp8ΘomY]4sf#s̜%|\\/_xظK 8s8\\._T\\\\:mD4\"&YYY)\'Y~ȅb[b0_t:,,F`܊\nƙӧuammk׮a:9{N0ݻwh4,p[QBW6\r6\Zա:*++QUU	\'*+eee(-)KKa{EDD8ڴn6m@YE%EE(++C^A|ddd(1\0iiiHIIQNvv6B;+jE=yss硫ׯ_dO>͢555XbS0}b)))ظa0c#OG{L;rX^~iS`%bwedd`tp8h4!!\'D D6!7l \n,ǻO>@OurR]]M!͛Ȁ<{5n\"?x7og}=]r	R\\\\[?ϗfRQQA畔\'N}=]Ӈz>zٙ}V=i3ŋ$.6yO>I|$~}=]bdh@tI||<y-ٶm+-k}=]?cڵDOW~uI2dJ0-}0H```C~:~׏!Fɓ\'8u,162$YYYBWVV[@zƚܽ{\r֒;w8++\rOW1#b\'77W^/DOWO\"_~%!!!dQ˗/bիWeff摾ƆdBDVV162$Ν&]>dذ96!v==]_](,V9z(טڵSk-&}=]gԐիW$OKK#F{nk1cF]K,&O>\'i\\.ŋ	ƍv2axpr%)++l0^?z$[gMM\rr\n1#$$$ڨl6Yb91ӕ(Z\ZPKboҏnK8\ZC6*++ɂ󩇤Ӈ7oވ0kjjȩS\'Iyy9124 W\\^s,(/h\ZD_OIzz:agfgϞ=R޳>E233Imm-qpFmF=G}=]K47\';;WRUU[w^^پ};162$ےTr,(\Zk׮Iփ(<k`s8\Z7;vc굵-A@x;%3\\^m8yTuuu8s4_6SaԩԿ@[[WytE{|yC3˱hg}1xWG[b)=p2nnnS|?͛u6epUcplظ&Ν;ر};Xy>ggJF]ԩ>iB۷pwsFW\\[7rd2vzGPZZʫ=28uEh,F`٠BK?~޽{6WZ	Ė}\r&Q4Cb̀߸q֬pqq1ZG^ݻ7Νg(--Ph@d>|4\Zut`o?X\\<|.\"U\\Aڭ=`ffWp8Ê˰g>k&()+cڵČ8`^ΦPh4\Z\"\"l87LoVpr؈{jj*fϚIiQQ-kiFz:dΜ-Ν;GB[n}=bGbbbHXXkiI\rȰaÄ\"Mٓ\'OY=]H\nzjj*߄|ޘѣ	&\'FDW\'?~ Bs蒒AƌMb]>Tӓ;7ׯs:*{뒱c-ITTHѣ\"^]]MI?c#OzGq_\nKF\r\r]n\n܋l=nN6߽:v!Xh!Õ1@AAvMaŊT׮]fa__?XУ}Xٷoߠ999?ve0336XZԩSѪU+=zG&[RRd9s\Zٯ^\Z~ipgmSSS:u]V^^<dee\\NQyѐ, ;˗<L<zOOMC=:w.#\"ѭ[7SNb\r`ŊxJb2<\033?0m*Oƍ~_ll,V\\A=z`d\n=ox,]N4zġCnn.lr|Ra5XrEڹM64\0ˈq_=mr1ϠީyS/>|p8u;v˗/ѡCxb^EL\0?KN4`:h---oodϯ߫%%%Ǉ{a37tB`ccq044a|7߰	T֭[1|0ׯ_a5+WD!+<uL&~wcQ&T{x=]RRI(,dbj1fX`1,^f͒Zoʕ+@&bɒ%\">+**0lP6;]v\r֮Ng^߳LԠCJJ\n>|x\'.D.x1<99917]z<HII+xU/:E:O۫sh߮ZLH*++bPGnn.޼~/_u>::)DYa޼Kyy95a5WaǏx\"sꝻv|_Z`Q:]2t(b\rӧM9J#2:a/!q)0oʹ[iÇblu.&$bߏ0STUU۷HM}x<MKF9:nYAƯ]4q}\Zu}ðѷo_tMpqn?<AN\\^eeBvBNpua޽bm\r桸S`C[cΝ=K8#Gعob6~wS;ׯq!jcBWWp6\rGE\"uuuMa%Bݰ5`n6GbРApvrQk\'&RSS/_ ;;Ϟ=Ã]4\ZHsа)4Dqu!zuuuFvb(G_ڭ<Κ?> %%%Q^ܨM!سw,,,fcҥTz@ҥKcz*++oBc\'i6_˖		Xd1lhjvAIq1ƌڵ뚼Vxx8!BOnsFAk0AP7n\\.ϟ\'k3lǏo`2ɕ(((@^^>~w#[~tb+++g^ֽ;u\n.]ЩS\'mVzcFѦÇ<:ssÎ;%&8  <<[7{跣8r4PׯcF+Wcb1c@LL<׭nR^^WcI`qi\Zb#F@ee%_۶BQYQMFGEa͘6}:-[.󃫫+~g\'jvaaĜs%Fl6F))s\0\0 \0IDATi\\zUT٫WpUdd<Zk1FaQIee%맾X,QYY\ZՂîHIICVV\nPTTyyy~^NgBgzXxqSN 9}/RTT hop\\\Z4a۷og\Z01c6fXd1bd Ƨ;ҟ>tG\',[ѪU&`j5V\\)rdj6\n߿ǚ5k*+Sskݺuc߇\r\r|Ǐ1w,``	XγEa?3\n\n]Ϟp8 @h\ZRVVyyywavo<~tu})|ٲPx&dddp%TVVbbImlذW#G[n0///q!:޽q*~^{KRRR۷B/BYI	C;E:t PxL\'Nǁ1e4\\Im#\Z(ĠAЪU+1?\n \'-Å֖{tYdNRқ7oЫW&___<MK#Xr(..+8.㋬lǏǖ[DdXFRRt􁴌0m\ZZjA[[ݺu?y[naW}Fþ~]j#kp8UVVYńZ:x\'N9sWT\\2e\n\0ۈ# #+\rMlMTUWW^-n\Zhl	>ߤ\0\\Omm-BCCbйsgn|<444{{_]BJJ\nHMMţ<9}˧\0\\t5k׎z!&4)**5~B>})SnQx`?~@@@\0|}va!L&K-X`ӧO8x`?>~Ɛ!C7ѽ{w<}h۶-u~>n13(mr&7I$x;6NOOǗ<	ᠠ\0#$444cAGѾC&*++Ћp̞=G(\"_ZZ4jՊrcGc\n}k_9tܽ{ݺuH5**R(MѠEIfj̚V<x0n޸Ku:fdd`\r0\r22{d$\'CQQ	9998s0j((++#++^6`K\n -##b̙MFEpt3hl>ҥKApp\0lmmŮthkkCsg?b>ylٲRL&?\'*2p\'.]$:\Zd\Z5t:ͱhb+H~`uE͛)o;[6ƍBs5///Da\'D\0PPPg0t0dee}^\n\0O(U:Owp;mR/[M)xN@dY@QQWWS\'OŋIաS<ٻAAs:jqwc9|ŋ(**B|c5J7ih4ڢ߿c:kaތMSfeeMv	:Gŋq}8;$\ZTر55eaaas/YjR~c<ۼlBff!+VSgM[|!ڪU+w+[c$fqwr\"Ji TNKKXrQvqOBllb\0u5ۈڴi˱wKqizO}*l4H:u\'\'gDGEN(ÆcU* --%KyCY$jjjpMLhS\'O捹ŕVcX\r,>|MpIMvxx\0\ZdJd`s>˱V3h\\\\6{m\r6n$цm\\ܹ˧E`\0`mckkrXf*\"\0O#((aEHO,g/ƊRRRPSS./Y#طo/8eddЦM*\'\'3f004)9j\n\\ϟ?{M6\r7M}NG1\Z\'N(c9С֯߀\Z۶k:j;\\\r---ӧ*F]00\'EjX|9VZҒF48w>ӧOO]]jjj8|\0.^(&chشi#mۆ;w 44Vc-1v֭[Zo-**ʕ+&LkͶԘt:K.Ń>`lܸI✢}ضK,hߡJqh okΝ,X\0=z˭\0DDD`/wlݻp>b2cԨQdddбc!߿.Za*VUUQޯN\0/#}E~~>h4\Z:t v^[\\t	BL\Z_V\\&HKKKمm\nLN6\ruuuK9u={|014Ċ8/Q]/c$@S0tKFEF\"44Ũ={xax=ssNݻwЖ_+))	.c1`2)A0`e***ڵأ公Sձ^gnLs\\$&&@[[c/]\"N<Yd\"66{t\"S$	P/nPg2kK0}ƌ2,]MMrr2NNNXpOsl߱# %%L̞={cO.Z>ƅg.\\KRRRZtx|22~<ٞ|מ?}=]2m4bG/^D֯_/}Ց8bccGCŵ={B9~8!555>!f>ɑĐHbrbdh@?~L!Ç#y5klDHmm-!555Ǉ\ZMNєzH\Z(1~-sgVXXH&OuIN[wȐ<qp\\-rW?3))I\no/w	3mmmu6O\0z\nXZUV+W,ǉ`ff#>F% {۶lYkW\r7oġCvځ` ::\ZjjjHtMMMQt:Ǝz\'$%&`9#44PTT?\Zk޽~:::Enn.\0`1`0ܹ3PRi2[~>qN=}\n\ZXz\rգ]TTBٳg2Ռ6mo訮.1uSuu5>}G`-xH*֬Ċ+ѻw\"//SSS#)1	cƌCi4\ZPfH!-[\0@CCC{\rS\rZJREVf&нG齺\Zvvv8p`?w	|3;gسg#?ys`ȐéSSSSӟBuhjjBUUrW^!::\Z_ٷopu\Z25䊆FF8qLLLVc\\nvE,lq5\\PU\0a!\\.bnP_|gD\r\\.+VX+QT\\JHKKCUUكpqv\0\Z/Za`h7I9YPP3]JF]i?w솜j\r;JHH@dDO>Lgt쨎ok=z 00jjjD׮])u؛	ѯ_?>\ZnnnxANN\\GŜXN&\ZAC:Æ\rϷe+**BVf&Es`JIaE5jD]~~>\"\"q!B0\Z:tr!%-\r---2|ݻXl)llm~(*!!y|0lٲE5K\\IF)++frl\0x\\0+WoN,D(++Ӧ@U+htҀ/>sG\0\\.B?+00GÇǷop06yy~8u$>mLNN\'={[kܿac,m\\.077q**k3\r|,h۶H\0/eرsżh=׭a%1Pfc\\7rnOc6olܰl6BѦukUUCptħOHJLCr\"*ܱӧOz\0LHQ.)++G(**ܮ];cx)DG֭X*\r=s\Zϝ޽{C]]]\"//^£Gs\n:tnGk($ŦMQQ^+Bĺ${{|AATyƌ:Oǂv_;uO\0lmmQ;O)M<x\0ʘ9!{o]˱ֈ,22QQt2kN=B50۷o(//ҥKPQQ	ŋЭ[w/\0:t(|ܻp|/5vr\0sׯԗT1d[nر#Zj%q+?\n˗/x/^ 1)%S\0袥I&a`3tb|˖p꒒dCb}μQba\rpttWldϟǑ#|eåK?xՎ₂B/l6o<m^?l0ҥjZ\n<7n`@AAף}8tR#::\Z;w;v\\ cEmM\ry{::jKѽ{wtDGG{~>7XqqpJ4@ZZZ裣---hhhm۶PUU%a+--$Kl6\"7BII1/@#22#\'	;vT\r\r\Z={6diii*Kĉ8,zNP[WyC___X,ӱh8;\"\"\"볫S3G\',s_M6|ዏɦҺr\0}Ztv[Bu5}3I+ ւ*k+UQT,\"Mv}U,kwUD*(H&-dQ\0s/_LfywK!YJř3g\nGGBq)lٲ\\Ajj*\"##S&m~v~ҊD\"ԭ[͛2\Z5nźP[rrrKHGJTJ23#\'GRR>BNNN*F@\'iУgOFϞ=Ѯ]\nD\",Zٳ\r[۵\rEf3goߣGp\">ka\0@AA^n^~QL>c3ڪ=j\Z<| f-[tR7Ν;0ISG022*]XXfcnB͸c|S\\vL ;;/c.,ɒkU8ܹ3zh߾=5kV)/?~Ѹqods΢6nwʕ+pt^iW|\n\0|B^\'O董004vWU11w,--^~Vk<^ԁu/$CB]=<G⦦bƌHOKsb׮@Xh(\\V`_hK4>F~DEhhh#kiZ܍0KK.shjjm6hѢe^DHH-DvV`ƍ\naӷ,A{x\0\0Ha5u=wJTk׮ښQUFW76oBFܹ\nbE}+<rpe?\n0˗/\\s=%<d+(1gfvv6RSSD#>>			HLL@B|\"Gnee(++C*TTT\n555BUEQ~*5+r襧CMM\rA \'\'ϟUT@CZZ\ZΞ۷A]_NQ޿?~@Fh˗aovJlٲ\\Fk^O\r\reoRHtpss;A\"8x)))Z\Z+VĤP|%4ڵCĻwxXlyˢVrsst9Qtc! \'\'G?+}[3v,.]X%3̝3gtPٳga::j=y+l7j̙vΌy??BWׯ)SyT(](+5nJP?QԣGiSRǏԈ#ݴSB.11ڹsճGwЀzOICI]PsLLx֝bQ?ݴR;w3~5;ǇM25GEFFѣTݩOҟ+=Sς}zS=w|||~eeeQ۷m+@ŋͨDVVHNN:ggܹ/CIcɰ,Ga|SZ~i̘hԨ|1GaqذaOׯ#{EACCzzz֮6C(-$ames nݺcGѡc\'E.]~SRRy&\\p!>r$XZbpM<qߟз_?899#]\Zѣ8u89xxnÇAz\n8YfxVV8{KTKF%KCTRRRG9\ZՃvn8p 455?}cǀdY[`T#::\Zx	c)v򔩰\ZClx=8x\0aѴi3lݶ;w)y%v؁\'O$1}X[۔ypwwǙӧ\n(H!0xxxz\\Qx5lb \nV6>}O\'0vx̝;離˗-+PsEX`!띍\"+Cƍ0(8w,45ʥb:F:\"44#3Z*uO`` 6o,Ԁx]8**\n-[VNzMBTT&N0BRR;/-KQaFe7n`|Sz9AQQ	Æ\r%3ڵkX،.2)jǜ9s]V[jv55)iu&r{_V\'Q{v1?(UVŎ\"^^^c!E!(L86\'$$Ǐ\0js\n+D\"b)ꤥۘo:w#\reV]Æ/sŖ?~g?<h[\Z}7FSm=ML$+dXjuF}	~~~8,TUU{\"dпTkӉݽ+W@$\"[;;6			v\Zcx&eHaMa햒F\ZUU\'7Pn+VԴa2{6b1p`̆vcGEEaӦMw!<(m+2+,6\nhkk\\]7\"}IB[(8^[[eao\0\0 \0IDATdX6m`ooCCClDzzz2EEQӱ|2L1+V@VVs\ZZhMMM?DP`(\n4d)yJڦ}|>\nAmUUUxxz\"#=zzųf£G{.Z~-b>\nWFrFFF:94j\Z	W91G#!!T&޹[hR\\\\FϞ\\-[\"++iii ޿\";8B__&BEE,c7|Yfj}Þ{iRxBC)oݺՖZN\0Ao-U|I\'h߾}&c~س{7=!K`bbR.PRR²eˠ5WP(_.%]`%z00J4=+VRRIdrxHa&%\nCQFbqf͊t5VV)\"K5)+ԣAбzKPbC1Lo\0ڲ@a9FϞC:B$?ziSʪL2T-ܹsJJJmb7o^AyB\"g!f\")tۦ>X,/EX*S9ƉH\'N`)CLwoPI]#\r\0ZZZرcW۷o+\Z\Z\Z$UHg&rlڢ{ւ HNNPRRs-R\Z4h\0kΊ#uѧ|#wŋv3ֳaanN{e,]۶m/uy&$ԯ_K,E=`ccɴRpk1~\nv6002v܉!@{(-_;\Z5%.]xW/r&i­[2t7oL\Z5z4][(-UxxxRԩTTT ?[%TeE՛b5	0gΜq	\0<=pEXZZV腔ƄGFFׯDhִ)jhɡLpEGGd/KVVN8o퀤j-zoeXr%:t޽{ߧOb=%-Yall\\.u=Sb\"\"1֦|>g͂v[r.\Z갱A߾}$I\"<,,`ll\\my@AA;#ٿHMMūWtss U%l̟o@<@oŋA$/^#F@Yd\0kkk2ѣ($\'\'C^^-Z(7BǇ{3\"ޤ#\nAM=0 0x`,;ÇU9$ӧNXz\rƌ\ZeKj\0r2y/A:u0|lBn8JDQP(Ļwoѯ\0ZH_u$hWntA||<.^Ģy%y	.Yfiy2FO^Z͘<y._\\l\0JUY۽;f>}qU\\zW^7kR/ٳgcEݭ;: vݺuѽGtUo955?n,o9׻=e˖xR;?tttk.\\~Nyy{;[hjia\"3ׯ\\9A	]6@HVe#-B\\\\2\'FFX-kFz:b]c[NNNN>|D\r6F\'05OKM7_c*K,\\oFFF+=i$v-\",$\r`޽2dB=ctܸqLj\r>PHWXdq*Rת[͛7Ǌ+ahhvo˔|;dW咲cƌѣM}nݺ¤IF,\0̝gk׮\Z^HJJBPP<#ᄉ1}:k	4]xq 	۵6hc\\WP$)D(\r6\'0쏡PUUexLŋ_~uBB8R坢!9)$Y,#0ݻwS|gΜAt֭?x(|>\n)\n]`0b8m݊b*͚5!C|@4oѢpQ555\\\n.Y(ƈncc0bߍ!\'\'WT_Enn.^|	///24!2upQ{xG@5*`Cf}酧OӸy#RIbqѩ\0&%%AAAT8ԫWqqqPUUex⠬E۷ox).^\0ζtDz={VX{8bWP{{\\xH>	n}\'Iaaap>}\nğ9\0I0g<cǎU^\"--\r_ݻw{dBT6EQ>c^xPPsK̙;;<KW]/$Edd$n߾|pH\'۴ر㠧vq$/߿G11_XH<\r\Z69s1dmϟ?ǜٳ\\o>skLGLӦNPL@\0GRyc\\\0cݺM@WWL-)SӐ#ˈZy8HƍC^\nM<R@<۶mb;н{)pnn.\"\"\"SN\"9)\"s5j4tСC4oޜ50t|o޼?ynZ~ˇGhSa,rqc --I{x#vm\"w0e$Fr߱e\Zt8,:(\nm5ڡڵ+ih@iRKwXDFF˗xp>>\0	r2u\Z\r;|ܸqVkVC( ԯ_/]a!NnX|9܇H$ǜ`aaQnpg@\nZR^YYEN͛CYY\r\ZNOonn.Ґ/_\"22ah\"*]w[WF&رO\naaiw댙ư]իXkcM++B}sɧOΝ;x\'Qp)6\n\nSZZZeK7m\nUUU4lJJJPTTD:u*lV$!\'\'?~@zz:RRRXwP匊:6A@DQUAvJ#^\"##1h<CG\n;]1Gѕ6o°+333}Ϟ=ݻwO\'ːGAAmۊGv&MиQ#4hՃ!_rry\0sX(\"77999BFF22ґ$#&+\"?|@nnn6\05ҢEK4=z􀖖7oN1\'>[ $I:ȑƗQ+c~y!C-[{DFF\"<<!!!x9M/eFv:@!ۊ%QW\nUYߊGy]==t:uB۶mѬYJYYƈT7Xme\rccc5!!!k2yB*/dggQсv00Wr27\"7oZڵk-[iӦhܸq{a|Ӽ>/^06FeffݍG\\*R0555?x?#99bcc1_\"gH(m¶qhպ5ZlxH(+`hڴi逗zbi8uxMQގM6׺\ZMl})noڵ8}T^M,\0K.Ef\n8Es㬬,dff2R\\ $m|ԩ:uP.S^n]ԕ<RSSal<##AQbb۷a<kpYz۷q\ZΙ׍\Z3zT$ݻ7\ZÇѤѣGO>鼹q\n0?]K4l/]U52m(ڵ~1qdV(ܹNpF9Ul9IKQ*JY0rHן>iii8|p\Zk$pUzNH(,Xm{.._ode\nܹsޔ;w}K\0LGŋ+RRRŅ6ťpp	[fmܸ1Q[(\r>|`][bJ\"VZKǎ۷XڬQFEZj*V]==72u*$Y~ӦZFx+sĮnx\r(zBTV5e$mfe[cEPRR	/_f];ׯ;{{C\\rss嵙)=BVzmSRRĈm^z\r455ŹnҤ	6ldN$L߾}1aD:*}~\Z10kDGAׯ	޹sWvu!C`8j42*۶mß0(J$kp5v|\rNN}d7BBBpg?_kk[y</_Jr\"o͛7Xf͚a+@$9#99#68|\Z4uȀd2tҥZ͛͝6sIbccYVCCCkIV<ygN,]\'Ǉwtk6m0sj}\r0H0MܹlhS,-W1ֶ}CXX(GlǏpsscfe6ׯ_yYf<@ U$)¥pکS\'-^XDvv6Gl6ܹs]{MLdY)@\\Օᱟ=g.ttzՈNԺuk;82vvH:3f0^<ʥZKO>a#zڵT8w^|A{՛bn\r722B^y٩a];6lG\'\'R:g\'|#vUC$apiՋ}#ȊrrvfWV֌9(8um߿?ƌK/\0vލX-}=ܼyC2rrr05Ϻvb\'--1yT߿F:lj\Zd֭Cjj*I/YBL\"._@Ud_NfZ\0guPWWg][/_	E&cԹXZK49ºvhNN݄j\rH?d	ecWh(**̕.+=um3v,uNb~űc8bW6#jkժU&WH78Jph2]vbe%H\r6 ##U픗/g.y#ve!\'\'7mb8cǎk͛7|\0ϖ/_*ῊLccnӆV9\'Od];;wk^^2p<{d4Q[pusGQP~}8:8-+$oׯYYfAYE^Ǹv\ZG =c\r6dU;eqꏽtu1ĄƺHƍщmogʘ\ZE} Q0`\0p.][g~YeayhDuYֵS__#\r$%q$}8bW?~sgf.]uD8::2keuH/w77DFF<.]F\'I`T{bge,kmo>>>=6{҅8\0S\n8ئ֪U+3׶7l@zz:Gę>I~dyN?X[ceU-*fffPPPMpֵ~SNq./DFFb/*5FRSSnsUrjtЁc4iѬjlll8rR͏ IX1=z`][9/Ѵ	ީsj_VY:\Z2tҼN\'[=Yd֭Gĝŝ׬Xs	gkkWkx<,_vuܺuum51\r\ZMƍIIIذa=w^u1օ闙-F׮]9-Z`C\'߾}cU;UTT켎uΈiӶo>|8NܩS-CeeCCC8N]X=d:TYx:0m-,,Xkl߶UFGGԯ_cm) I[-S<߿Ϫv|X\'IO\'O8bؼy-lrhiieggݍ؛5tu9Ɩm۶cIIIkj+kxFeؗ/]!M-Zbڴ?YwΝ;!!cOYErL	C뛍:i&Mfv8{,-A`bWASعk7$\"##1h<#n][.x-N̨co鱪O>鼹DEa݌$1cƢ_~:Q,7qdԿ:r+$ttt0}L6Kk>E(\0Xd	Mtʕ+|X[733Y2u*:tD_Dחu7o#,6]ܾ}#v~a3-Z`Icm}+8Vaggܷw^xv6i֯gm;;90B%/KWm7U\'$Ix{o/i>Сp,Ghkkc\"<SW$t҆\rX9bK}oׂy5ktmܸ~Q(UgooqiVQ ܂!{!!!B!mƬee2ݺucl0]X7U)hР:i۶najhanaM[n!}9sXv/0p \r\r9V tuual<}pwgNڔ)SFCv}ϟNHHzei\n.\\@@\03VZ]*LM!!XE\Z\0WlmI>>|222Qp }:U-))	NNL2[{mۖc]%@YY֭gu#>~Ȫv1$\0`_11ϟ?QF9FA2B=ut8JƠA0a:il;Xp!h{n!vVV<==!q4@vXu?~ǘe6V03[yp>ڨ|yNURiľp^m`*$RSS/˪4\\62Lr{{;700@>}qњOhlt\00afgkz,_:aiêFɈΊyrrrdm:x\0/_Ħ(\nvCƳлOVu/^`=Ξ/bHD$kСXY3\"<==l½VeKQc>@\0@ϧ?xx<d~/}]#++72-26,e˖pqGGB$	{@ƍ!Jx ɼ$IBD e>$P(HDB(F\n E\\q;$)NĄ(\n^:uj\nNMMIgEx<@3d(U`R(&_ֺ\r8\r\Zpb	B!p.ـe-X~UD\"Q6+We˖5?燸o(.YևPQܽ)yG6ٙ#5 I[)?׌\0=EQگx6y}U\0\0IDATFQ%y6b}S&O1GG🺻2zˎRR46ƚ5VX\'OURx!򾬘$o\n!\nc.8;331BJ_,}-Пˌؖ(\n38#	9ṕGl8pG첀OA cSi\'X}3J?ߪ\'bAWBD6A1A$b^9v@sjX\\âp5MdfP๹Gԩ\n|_5<D]+ҰAo\Z:u0zn	C6&#GA8h٥^M~	 EDQ `\rA4\0p͟hb3ԷG*>j7WD%uFqh\r@$vx\0uۘlQߞ&\'o\0NA	>(ܳQ^#g$!D6`6*y(\"n>\0\'sK\0(ișUoyxR\ns|\"AmjZPREW(Pp59bk/Aoۚ.2Jn6J\ZHn\0c	\\]e\"y(r-!w%X=aC\n^ɳ#EQF9 |	\"\" d ^ ~Uxـu:s\\Qsd:ut).W)3Z{CEQʡu$+\0\"M+9bRW- ti2h-\"乴z?/HWX&L+7nxee#Gls\0fKBH+EQ\r`+\0~j+JlMJ:F,I4(Z8Z4LJ_||z\0(ʩn((dUCG(@_@Qԧ<FL$cGr~MG	I~Gi2󛫒}\02AQ\Z\0ag^Qc\0eq~Z6bzJt;\0uZI\\n/\r׿U1rĮc!ʎlY+?*zP	.b?K9bWA^)=N9EW!:#GR+љZHjPuy)D@W6S$m(E!hP滟hK3:KޒBм#vd:|^ɾ& ήA\"\0`[Eq 	XHAmekCL X#bج;ƪ5\"mRʒYf/J	34\'\'0K\Z$\'\'\0PR\0XI\r>r\Z5: &jU7\0*M8!W\\Ix A,e&:Kj)\0>\0xg(Fێ*+ÁCGlj G7:+\0\0\0\0IENDB`',''),('prerequisite_examination_for_print','10008,10010',NULL,''),('report_bottom_margin','10',NULL,''),('report_header','<table border=\"1\" style=\"padding:2px;\"> 	<tr> 		<td style=\"text-align: center;\">10011|r</td> 		<td colspan=\"4\" style=\"text-align: center;\">10012|r</td> 		<td style=\"text-align: center;\">10011|r</td> 	</tr> 	<tr> 		<td>sample_id</td><td>sample_id_value</td> 		<td>1001|n</td><td>1001|r</td> 		<td>1002|n</td><td>1002|r</td> 	</tr> 	<tr> 		<td>1004|n</td><td>1004|r</td> 		<td>1005|n</td><td>1005|r</td> 		<td>1006|n</td><td>1006|r</td> 	</tr> </table>',NULL,''),('report_left_margin','20',NULL,''),('report_right_margin','10',NULL,''),('report_top_margin','60',NULL,''),('restrictive_examination_for_edit_delete','10008',NULL,''),('status_button_info','1001,1002',NULL,''),('status_column_size','20',NULL,''),('status_lot_size','200',NULL,'');
/*!40000 ALTER TABLE `config` ENABLE KEYS */;
UNLOCK TABLES;

--
-- Table structure for table `copy_bin_text`
--

DROP TABLE IF EXISTS `copy_bin_text`;
/*!40101 SET @saved_cs_client     = @@character_set_client */;
/*!40101 SET character_set_client = utf8 */;
CREATE TABLE `copy_bin_text` (
  `id` int(11) NOT NULL AUTO_INCREMENT,
  `name` varchar(20) NOT NULL,
  `text` varchar(200) NOT NULL,
  PRIMARY KEY (`id`)
) ENGINE=InnoDB AUTO_INCREMENT=12 DEFAULT CHARSET=utf8mb4 COLLATE=utf8mb4_general_ci;
/*!40101 SET character_set_client = @saved_cs_client */;

--
-- Dumping data for table `copy_bin_text`
--

LOCK TABLES `copy_bin_text` WRITE;
/*!40000 ALTER TABLE `copy_bin_text` DISABLE KEYS */;
INSERT INTO `copy_bin_text` VALUES (1,'Absurd K+ EDTA','Absurd K+ may be due to EDTA contamination of Plain Blood. '),(3,'Absurd K+ Hemolysis','Sample Grossly Hemolysed. Absurd K+ may be due to Excess hemolysis'),(4,'High DBIL','Majority of bilirubin is of conjugated bilirubin(Direct), disregard total bilirubin.'),(5,'QNS','Test is not done as sample is inadequate'),(6,'Missing sample','Test is not done as sample is not received'),(7,'Bilirubin interfence','Very High bilirubin has negative interferance in creatinine estimation  '),(8,'Lipemic sample','Test is not done as sample is lipemic'),(9,'Viscous sample','Test is not done as sample is highly viscous'),(10,'email for COVID-19','suratcv19@gmail.com'),(11,'Not done','Test is not done as lab resources are inadequate');
/*!40000 ALTER TABLE `copy_bin_text` ENABLE KEYS */;
UNLOCK TABLES;

--
-- Table structure for table `copy_sample`
--

DROP TABLE IF EXISTS `copy_sample`;
/*!40101 SET @saved_cs_client     = @@character_set_client */;
/*!40101 SET character_set_client = utf8 */;
CREATE TABLE `copy_sample` (
  `id` int(11) NOT NULL AUTO_INCREMENT,
  `name` varchar(50) NOT NULL,
  `keep_ex_list` varchar(500) NOT NULL,
  `add_ex_list` varchar(500) NOT NULL,
  `add_ex_with_result` varchar(500) NOT NULL,
  `remark` varchar(200) NOT NULL,
  PRIMARY KEY (`id`)
) ENGINE=InnoDB AUTO_INCREMENT=3 DEFAULT CHARSET=utf8mb4 COLLATE=utf8mb4_general_ci;
/*!40101 SET character_set_client = @saved_cs_client */;

--
-- Dumping data for table `copy_sample`
--

LOCK TABLES `copy_sample` WRITE;
/*!40000 ALTER TABLE `copy_sample` DISABLE KEYS */;
INSERT INTO `copy_sample` VALUES (2,'creatinine Urea','1001,1002,1046,1045','5031,5032','{}','');
/*!40000 ALTER TABLE `copy_sample` ENABLE KEYS */;
UNLOCK TABLES;

--
-- Table structure for table `dashboard`
--

DROP TABLE IF EXISTS `dashboard`;
/*!40101 SET @saved_cs_client     = @@character_set_client */;
/*!40101 SET character_set_client = utf8 */;
CREATE TABLE `dashboard` (
  `id` int(11) NOT NULL AUTO_INCREMENT,
  `topic` varchar(100) NOT NULL,
  `description` varchar(2000) NOT NULL,
  `priority` int(11) DEFAULT NULL,
  PRIMARY KEY (`id`)
) ENGINE=InnoDB AUTO_INCREMENT=9 DEFAULT CHARSET=utf8mb4 COLLATE=utf8mb4_general_ci;
/*!40101 SET character_set_client = @saved_cs_client */;

--
-- Dumping data for table `dashboard`
--

LOCK TABLES `dashboard` WRITE;
/*!40000 ALTER TABLE `dashboard` DISABLE KEYS */;
INSERT INTO `dashboard` VALUES (1,'Calculated Parameters','Prothrombin Time related calculation of indexes is now available. \nWhen in <b>Edit</b> mode, Click <b>Calculate</b> to refresh calculation.\nModification in database is required to add new calculated tests.\nChanging ISI value in database as required is essential',NULL),(2,'Suggestions and Feedback','For suggestion for improvement, contact lab in-charge or whatsApp: 9664555812 Dr Shailesh ',NULL),(3,'Super Profiles','Use Super Profiles to reduce your clicks and prevent lapses in entry',3),(4,'View Statistics','Click <b>HOME</b>. select Click <span class=\"bg-danger\">red colored number</span> to view data. Provide appropriate input (e.g date). Export Data in spreadsheet if required',4),(5,'Bold','use (((xyz)) to bold a word',NULL),(6,'New Software','New Software have 7 digit sample ID (REMEMBER)',5),(7,'Dokuwiki and Docs Old LIS Started',' Click ---> <a href=\"\\dokuwiki\">Dokuwiki</a> <a href=\"\\docs\">Docs</a>  <a href=\"http://12.207.3.250\">Old LIS</a>',6),(8,'Worklist Print','See number 6 (get examination id from 7)',8);
/*!40000 ALTER TABLE `dashboard` ENABLE KEYS */;
UNLOCK TABLES;

--
-- Table structure for table `dementia`
--

DROP TABLE IF EXISTS `dementia`;
/*!40101 SET @saved_cs_client     = @@character_set_client */;
/*!40101 SET character_set_client = utf8 */;
CREATE TABLE `dementia` (
  `id` int(11) NOT NULL AUTO_INCREMENT,
  `Minutes` varchar(10) DEFAULT NULL,
  `Hours` varchar(10) DEFAULT NULL,
  `DayM` varchar(10) DEFAULT NULL,
  `Month` varchar(10) DEFAULT NULL,
  `DayW` varchar(10) DEFAULT NULL,
  `Text` varchar(200) DEFAULT NULL,
  `recording_time` datetime DEFAULT NULL ON UPDATE current_timestamp(),
  `recorded_by` varchar(100) DEFAULT NULL,
  PRIMARY KEY (`id`)
) ENGINE=InnoDB AUTO_INCREMENT=93 DEFAULT CHARSET=utf8mb4 COLLATE=utf8mb4_general_ci;
/*!40101 SET character_set_client = @saved_cs_client */;

--
-- Dumping data for table `dementia`
--

LOCK TABLES `dementia` WRITE;
/*!40000 ALTER TABLE `dementia` DISABLE KEYS */;
INSERT INTO `dementia` VALUES (28,'0','8','*','*','*','Pepsin wash in ISE module','2020-09-15 09:45:42','3'),(29,'0','8','26','*','*','Print Erba640/1000 maintanance sheet, DI Plant(big+small) sheet','2020-08-12 13:49:45','3'),(40,'0','8','1','8','*','Tejal - External calibration, 7 items','2021-02-15 11:24:41','9099514805'),(41,'0','8','1','8,02','*','Inhouse Calibration pipettes, wMachine, Glassware, Centri, incubat, refi','2021-05-13 11:37:27','9099514805'),(43,'0','8','*','*','0','640+1000 Autowash With 0.1N HCL and 0.1N NaOH','2020-08-13 12:36:23','3'),(44,'0','8','1','*','*','Change saturated KCL solution in PH meter','2020-08-13 12:35:34','3'),(45,'0','8','1','1','*','Check Expiry Date of drugs in ART kit, Eye wash kit and First aid kit','2020-08-13 12:35:10','3'),(46,'0','8','1','8','*','Yearly calibration of volumetric flask','2020-12-16 11:08:46','8866580625'),(47,'0','8','*/5','*','*','Refilling of Std-A and std-B','2020-08-13 12:17:05','3'),(50,'0','8','1','5','*','Renewal of CMC of Erba XL 640 and 3 semi-auto','2020-08-13 12:14:48','3'),(52,'0','8','1','4,10','*','PUT REQUEST FOR PRINTER CONSUMABLE','2020-08-13 12:13:08','3'),(55,'0','8','1','*','*','Back up of volume parameters,programming parameter, reapeat flags from Erba XL-640 to doks','2021-06-30 18:09:58','8866580625'),(56,'0','8','1','1,5,9','*','quarterly maintenence for 3 semi auto ','2020-08-13 12:09:08','3'),(58,'0','8','1','7,12','*','refilling of fire extinguisher','2020-08-13 12:03:00','3'),(59,'0','8','*','*','4','Perform HE and PRE','2020-10-07 16:38:50','9099514805'),(66,'0','8','1','*','*','Centrifuge Cleaning','2020-09-09 09:06:25','9099514805'),(69,'0','8','*','*','*','Run IRON and UIBC samples and graph monitoring','2020-09-15 12:36:44','1'),(72,'0','8','16','7','*','Yearly ealuation of all records before internal audit','2021-07-15 15:13:31','9099514805'),(73,'0','8','16','*','*','check location and content of eye wash kit and first aid kit','2020-09-26 15:22:52','9099514805'),(74,'10','8','1,15','*','*','cleaning of barcode printer opd and clinical lab','2021-08-09 16:09:58','9099514805'),(76,'0','8','1','3','*','calibration certificate of ERBA XL-640 and semiauto from jiteshbhai','2021-02-24 12:38:07','9099514805'),(77,'50','11','13,28','*','*','Calibration of CRP every 15 day','2021-05-13 11:47:37','9099514805'),(78,'0','8','1','12','*','Install new electrode_Install before date-1-12-2021','2021-05-17 13:31:59','9099514805'),(80,'*','*','1','8','*','REMINDER FOR INHOUSE CALIBRATION','2021-08-18 12:24:13','3'),(81,'10','8','*','*','6','change sediment filter and backwash of DI plant','2021-08-09 16:09:10','9099514805'),(82,'10','8','*','*','*','IQC of ketone','2021-08-09 16:09:00','9099514805'),(83,'10','8','*','*','*','Refrigerator temperature and environmental temperature and humidity entry in LIS','2021-08-09 16:08:53','9099514805'),(84,'10','8','*','*','*','Daily maintenence  and IQC of ERBA XL-640 ,ERBA XL-1000 and VITROS-3600','2021-08-18 12:25:42','9099514805'),(87,'10','8','2,17','*','*','cleaning of RO water','2021-08-09 16:08:42','9099514805'),(88,'10','8','*','*','2','weekly maintenence of VITROS-3600','2021-08-18 12:28:35','9099514805'),(89,'10','8','10','*','*','Hypowash of XL-1000 and XL-640','2021-08-18 12:44:37','9099514805'),(91,'10','8','1','*','*','Monthly IQC and EQC file of XL-640,XL-1000 and VITROS-3600','2021-08-25 09:46:05','9099514805'),(92,'10','8','1','*','*','Monthly TAT file','2021-08-25 09:46:43','9099514805');
/*!40000 ALTER TABLE `dementia` ENABLE KEYS */;
UNLOCK TABLES;

--
-- Table structure for table `equipment`
--

DROP TABLE IF EXISTS `equipment`;
/*!40101 SET @saved_cs_client     = @@character_set_client */;
/*!40101 SET character_set_client = utf8 */;
CREATE TABLE `equipment` (
  `id` int(11) NOT NULL AUTO_INCREMENT,
  `equipment` varchar(100) DEFAULT NULL,
  `recording_time` datetime DEFAULT NULL,
  `recorded_by` varchar(100) DEFAULT NULL,
  PRIMARY KEY (`id`),
  UNIQUE KEY `equipment` (`equipment`)
) ENGINE=InnoDB AUTO_INCREMENT=75 DEFAULT CHARSET=latin1 COLLATE=latin1_swedish_ci;
/*!40101 SET character_set_client = @saved_cs_client */;

--
-- Dumping data for table `equipment`
--

LOCK TABLES `equipment` WRITE;
/*!40000 ALTER TABLE `equipment` DISABLE KEYS */;
INSERT INTO `equipment` VALUES (1,'11_REFRIGERATOR_HE_78_SAMSUNG',NULL,NULL),(2,'12_REFRIGERATOR_HE_78_SAMSUNG',NULL,NULL),(3,'13_REFRIGERATOR_HE_78_SAMSUNG',NULL,NULL),(5,'Centrfuge Remi PR-23 HOSP-EQ-P-138-VCDB-4172_not working',NULL,NULL),(6,'Centrfuge Remi PR-23 HOSP-EQ-P-138-VCDB-4173',NULL,NULL),(7,'Centrfuge Remi PR-23 HOSP-EQ-P-138-VCDB-4174',NULL,NULL),(8,'Centrfuge Remi PR-23 HOSP-EQ-P-138-VCDB-4175_not in Use but working',NULL,NULL),(9,'Centrfuge Remi PR-23 HOSP-EQ-P-52-ZEHN 25664',NULL,NULL),(10,'Centrfuge Remi PR-23 HOSP-EQ-P-52-ZEHN 25665',NULL,NULL),(11,'Centrfuge Remi PR-23 HOSP-EQ-P-52-ZEHN 25666',NULL,NULL),(12,'Centrfuge Remi PR-23 HOSP-EQ-P-52-ZEHN 25667',NULL,NULL),(13,'Centrfuge Remi PR-24 HOSP-EQ-P-51-ZCBN 4721',NULL,NULL),(14,'D.I.Water Plant COLL EQ Pg 03',NULL,NULL),(15,'Deep freezer(-40) HOSP-EQ-P-136_not in use but working',NULL,NULL),(16,'Digital display thermometer',NULL,NULL),(17,'Digital Tachometer- indi6121','2020-09-01 12:49:36','8866829055'),(18,'Elinco Digital Precision Thermometer (Model No. TTX-483)','2020-09-01 12:47:36','8866829055'),(19,'Erba Chem 5 Plus semiauto(0703120) 1 HOSP-EQ-P-3-1',NULL,NULL),(20,'Erba Chem 5 Plus semiauto(060379) 2 HOSP-EQ-P-3-2',NULL,NULL),(21,'Erba Chem 5 Plus semiauto(0703123) 3 HOSP-EQ-P-3-3',NULL,NULL),(22,'Erba XL-640 HOSP-EQ-P-10',NULL,NULL),(23,'Haier chest freezer: HOSP-EQ-P-136',NULL,NULL),(24,'HP Server COLL-EQ-P-133',NULL,NULL),(25,'Laboratory Fume hood COLL-EQ-P-15',NULL,NULL),(26,'Laminar air flow COLL-EQ-P-15',NULL,NULL),(27,'Maruti Calibrated weights (1kg & 2Kg) COLL EQ Pg-05',NULL,NULL),(28,'Neer R.O.Water Plant COLL-EQ-Pg-02',NULL,NULL),(29,'Pipettes','2021-08-17 14:12:48','7'),(30,'Prolyte Electrolyte Analyzer HOSP-EQ-P-40-81001755_Not working',NULL,NULL),(31,'Remi Centrifuge R-8C BL HOSP-EQ-P-50-BCLC-682_Not working',NULL,NULL),(32,'Remi Centrifuge R-8C BL HOSP-EQ-P-50-HCLC-3959_Not working',NULL,NULL),(33,'Remi Centrifuge R-8C DX HOSP-EQ-P-50-DBLC-3586_Not working',NULL,NULL),(34,'Remi Centrifuge R-8C DX HOSP-EQ-P-50-EBLC-5162_Not working',NULL,NULL),(35,'Remi Cooling Incubator CI-35 HOSP-EQ-P-71-IHC-3182',NULL,NULL),(36,'remi quick freezer(-20) Biochemistry: HOSP-EQ-P-138',NULL,NULL),(37,'Reptech weighing machine COLL-EQ-P-05',NULL,NULL),(38,'Ricoh Printer MP 2000 L2 COLL EQ P-123-17126750553',NULL,NULL),(39,'Ricoh printer MP 2001 L COLL EQ-P-123-E343MB50051',NULL,NULL),(40,'Sartorius  Weight',NULL,NULL),(41,'Shimadzu Analytic Balance HOSP-EQ-P-21Shimadzu Sci',NULL,NULL),(42,'Shimadzu Analytic Balance HOSP-EQ-P-21Shimadzu Sci_D450028778',NULL,NULL),(43,'SYSTRONICS Digital Electrophoresis power supply HOSP-EQ-P-139-850',NULL,NULL),(44,'Thermo_Hygrometers',NULL,NULL),(45,'volumetric flask',NULL,NULL),(46,'Water Treatment Plant - Clinical Laboratory',NULL,NULL),(47,'Water Treatment Plant - Research Lab',NULL,NULL),(48,'Yorco Hot air oven YSI431D HOSP-EQ-P-69-14B5312',NULL,NULL),(49,'Zebra Technologies ZTC _GC420t_Barcode Printer',NULL,NULL),(50,'Zebra tip 2844 Barcode Printer',NULL,NULL),(51,'Ricoh printer AFICIO MP 2501 SP HOSP-EQ-P-79-E338M920808',NULL,NULL),(52,'Ricoh printer IM 2702 HOSP-EQ-P-79-3299M420817',NULL,NULL),(53,'ERBA XL-1000',NULL,NULL),(55,'Mettler Toledo Weight Machine Sr.No-2741281030(in Use) ','2021-08-08 16:06:06','8866580625'),(56,'Mettler Toledo Weight Machine-Sr.No-2741281029(Not in Use But Working)','2020-09-02 15:05:34','8447530645'),(57,'Agarose gel electrophoresis appratus with power supply pack(installed but not in use)','2020-09-15 12:44:40','8866829055'),(58,'VITROS3600','2021-02-24 11:03:02','9099514805'),(61,'Refrigerator-LG','2020-12-22 12:14:21','9099514805'),(63,'MICRO WEIGHING BALANCE-HOSP-EQ-PG NO-6 Serial no-2741511036','2021-04-16 10:56:43','8866580625'),(64,'RAPIDPOINT 500 SIEMENS _SR NO-53726_MODEL NO-11416755_HOSP-EQ-PG-80','2021-02-24 10:19:18','9099514805'),(65,'RAPIDPOINT 500 SIEMENS _SR NO-45064_MODEL NO-10697306_HOSP-EQ-PG-80','2021-02-24 10:20:05','9099514805'),(66,'MICRO WEIGHING BALANCE-HOSP-EQ-PG NO-6  Serial no-2741511038','2021-04-16 10:55:26','8866580625'),(68,'TOSOH automated glycohemoglobin analyzer_SR NO-1182094_MODEL NO-HLC- 723 GX_HOSP-EQ-PG-04 ','2021-06-07 16:12:51','8866580625'),(71,'(RAPIDPOINT 500e SIEMENS_SR NO-53726_MODEL NO-11416755_HOSP-EQ-PG-80)','2021-07-24 12:44:36','8866580625'),(72,'(RAPIDPOINT 500 SIEMENS_SR NO-45064_MODEL NO-10697306_HOSP-EQ-PG-80) ','2021-07-28 10:29:35','8866580625'),(74,'UPT Immunoassay Analyser','2021-09-22 11:27:27','8447530645');
/*!40000 ALTER TABLE `equipment` ENABLE KEYS */;
UNLOCK TABLES;

--
-- Table structure for table `equipment_record_type`
--

DROP TABLE IF EXISTS `equipment_record_type`;
/*!40101 SET @saved_cs_client     = @@character_set_client */;
/*!40101 SET character_set_client = utf8 */;
CREATE TABLE `equipment_record_type` (
  `equipment_record_type` varchar(100) NOT NULL,
  PRIMARY KEY (`equipment_record_type`)
) ENGINE=InnoDB DEFAULT CHARSET=latin1 COLLATE=latin1_swedish_ci;
/*!40101 SET character_set_client = @saved_cs_client */;

--
-- Dumping data for table `equipment_record_type`
--

LOCK TABLES `equipment_record_type` WRITE;
/*!40000 ALTER TABLE `equipment_record_type` DISABLE KEYS */;
INSERT INTO `equipment_record_type` VALUES ('i. conformation of initial acceptability for use (initial calibration/verification)'),('j. conformation of ongoing acceptability for use (ongoing calibration/verification)'),('k. maintenance aggrement'),('l. maintenance carried out'),('m. damage, malfunction, modification, repair');
/*!40000 ALTER TABLE `equipment_record_type` ENABLE KEYS */;
UNLOCK TABLES;

--
-- Table structure for table `examination`
--

DROP TABLE IF EXISTS `examination`;
/*!40101 SET @saved_cs_client     = @@character_set_client */;
/*!40101 SET character_set_client = utf8 */;
CREATE TABLE `examination` (
  `examination_id` int(11) NOT NULL AUTO_INCREMENT,
  `name` varchar(50) NOT NULL,
  `sample_requirement` varchar(100) NOT NULL DEFAULT 'NULL',
  `edit_specification` varchar(5000) NOT NULL,
  `description` varchar(300) DEFAULT NULL,
  `request_route` varchar(300) DEFAULT NULL,
  `display_route` varchar(300) DEFAULT NULL,
  `request_route_priority` varchar(10) DEFAULT NULL,
  `display_route_priority` varchar(10) DEFAULT NULL,
  `display_format` varchar(50) DEFAULT NULL,
  `insert_minimum_authorization_level` int(11) DEFAULT NULL,
  `update_minimum_authorization_level` int(11) DEFAULT NULL,
  `select_minimum_authorization_level` int(11) DEFAULT NULL,
  `delete_minimum_authorization_level` int(11) DEFAULT NULL,
  `append_user` int(11) DEFAULT NULL,
  PRIMARY KEY (`examination_id`),
  KEY `sample_requirement` (`sample_requirement`)
) ENGINE=InnoDB AUTO_INCREMENT=100024 DEFAULT CHARSET=utf8 COLLATE=utf8_bin;
/*!40101 SET character_set_client = @saved_cs_client */;

--
-- Dumping data for table `examination`
--

LOCK TABLES `examination` WRITE;
/*!40000 ALTER TABLE `examination` DISABLE KEYS */;
INSERT INTO `examination` VALUES (1,'WBC (Leucocyte Count)','EDTA-Blood-HI','{\"type\":\"number\",\"help\":\" /cmm  4000-10000 (Impedance)\",\"step\":\"1\", \"interval_l\":\"4000\",\"interval_h\":\"10000\",\"cinterval_l\":\"2000\",\"cinterval_h\":\"30000\"}','','',NULL,NULL,NULL,NULL,1,1,1,1,NULL),(2,'RBC (Erythrocyte Count)','EDTA-Blood-HI','{\"type\":\"number\",\"help\":\"M/cmm, M:4.5-5.5 F:3.8-4.8 (Impedance)\",\"interval_l\":\"3.8\",\"interval_h\":\"5.5\",\"step\":\"0.01\"}','None','',NULL,NULL,NULL,NULL,1,1,1,1,NULL),(3,'Hemoglobin','EDTA-Blood-HI','{\"type\":\"number\",\"help\":\"gm/dL M: 13-17 F:12-15 (Non-CyanomethHb)\",\"interval_l\":\"12\",\"interval_h\":\"17\",\"cinterval_l\":\"7\",\"cinterval_h\":\"20\",\"step\":\"0.1\"}','None','',NULL,NULL,NULL,NULL,1,1,1,1,NULL),(4,'PCV (Packed Cell Volume)','EDTA-Blood-HI','{\"type\":\"number\",\"step\":\"0.1\",\"help\":\"% M:40-50 F:36-46 (Impedance)\",\"interval_l\":\"36\",\"interval_h\":\"50\",\"cinterval_l\":\"20\",\"cinterval_h\":\"60\"}','None','',NULL,NULL,NULL,NULL,1,1,1,1,NULL),(5,'MCV (Mean Corp Vol)','EDTA-Blood-HI','{\"type\":\"number\",\"help\":\"fL 80-96 (Calculated)\",\"step\":\"0.1\",\"interval_l\":\"80\",\"interval_h\":\"96\"}','None','',NULL,NULL,NULL,NULL,1,1,1,1,NULL),(6,'MCH (Mean Corp Hb)','EDTA-Blood-HI','{\"type\":\"number\",\"help\":\"pg 27-31 (Calculated)\",\"step\":\"0.1\",\"interval_l\":\"27\",\"interval_h\":\"31\"}','None','','','','','',1,1,1,1,NULL),(7,'MCHC (Mean Corp Hb Conc)','EDTA-Blood-HI','{\"type\":\"number\",\"help\":\"gm/dL 32-36 (Calculated)\",\"step\":\"0.1\",\"interval_l\":\"32\",\"interval_h\":\"36\"}','None','','','','','',1,1,1,1,NULL),(8,'RDW (Red Cell Dist Width)','EDTA-Blood-HI','{\"type\":\"number\",\"help\":\"% 11.5-14 (Calculated)\",\"step\":\"0.1\",\"interval_l\":\"11.5\",\"interval_h\":\"14\"}','None','',NULL,NULL,NULL,NULL,1,1,1,1,NULL),(9,'Platelet','EDTA-Blood-HI','{\"type\":\"number\",\"help\":\"/cmm 150000-400000 (Impedance)\",\"step\":\"1\",\"interval_l\":\"150000\",\"interval_h\":\"400000\",\"cinterval_l\":\"20000\",\"cinterval_h\":\"1000000\"}','None','',NULL,NULL,NULL,NULL,1,1,1,1,NULL),(13,'Lymphocyte%','EDTA-Blood-HI','{\"type\":\"text\",\"help\":\"Describe\"}','None','',NULL,NULL,NULL,NULL,1,1,1,1,NULL),(14,'Monocyte%','EDTA-Blood-HI','{\"type\":\"text\",\"help\":\"Describe\"}','None','',NULL,NULL,NULL,NULL,1,1,1,1,NULL),(15,'Granulocyte%','EDTA-Blood-HI','{\"type\":\"text\",\"help\":\"Describe\"}','None','',NULL,NULL,NULL,NULL,1,1,1,1,NULL),(19,'RBC Graph','EDTA-Blood-HI','{\"type\":\"blob\",\"readonly\":\"readonly\",\"img\":\"dw\"}','None','',NULL,NULL,NULL,NULL,1,1,1,1,NULL),(20,'WBC Graph','EDTA-Blood-HI','{\"type\":\"blob\",\"readonly\":\"readonly\",\"img\":\"dw\"}','None','',NULL,NULL,NULL,NULL,1,1,1,1,NULL),(21,'Platelet Graph','EDTA-Blood-HI','{\"type\":\"blob\",\"readonly\":\"readonly\",\"img\":\"dw\"}','None','',NULL,NULL,NULL,NULL,1,1,1,1,NULL),(26,'Sample_Report_Time','None','{\"type\":\"datetime-local\", \"pattern\":\"[0-9]{4}-[0-9]{2}-[0-9]{2}T[0-9]{2}:[0-9]{2}\",\"default\":\"date(\'Y-m-d\')\" }','','',NULL,NULL,NULL,NULL,1,1,1,1,NULL),(39,'Neutrophils','EDTA-Blood-HI','{\"type\":\"number\",\"help\":\"% 40-80\",\"step\":\"1\",\"interval_l\":\"40\",\"interval_h\":\"80\"}','','',NULL,NULL,NULL,NULL,1,1,1,1,NULL),(40,'Lymphocytes','EDTA-Blood-HI','{\"type\":\"number\",\"help\":\"% 20-40\",\"step\":\"1\",\"interval_l\":\"20\",\"interval_h\":\"40\"}','','',NULL,NULL,NULL,NULL,1,1,1,1,NULL),(41,'Eosinophils','EDTA-Blood-HI','{\"type\":\"number\",\"help\":\"% 01-06\",\"step\":\"1\",\"interval_h\":\"6\"}','','',NULL,NULL,NULL,NULL,1,1,1,1,NULL),(42,'Monocytes','EDTA-Blood-HI','{\"type\":\"number\",\"help\":\"% 02-10\",\"step\":\"1\",\"interval_h\":\"10\"}','','',NULL,NULL,NULL,NULL,1,1,1,1,NULL),(43,'Basophils','EDTA-Blood-HI','{\"type\":\"number\",\"help\":\"% 00-02\",\"step\":\"1\",\"interval_h\":\"2\"}','','',NULL,NULL,NULL,NULL,1,1,1,1,NULL),(44,'NRBCs','EDTA-Blood-HI','','','',NULL,NULL,NULL,NULL,1,1,1,1,NULL),(45,'Platelets on smear','EDTA-Blood-HI','{\"type\":\"select\",\"help\":\"\",\"option\":\",Adequate,Reduced,Increased,Mildly Reduced, Markedly Reduced,\"}','','',NULL,NULL,NULL,NULL,1,1,1,1,NULL),(46,'Plasmodium Vivax Malarial Antigen','EDTA-Blood-HI','{\"type\":\"select\",\"option\":\",Negative, Positive\"}','For P. Vivax','',NULL,NULL,NULL,NULL,1,1,1,1,NULL),(47,'Plasmodium Falciparum Malarial Antigen','EDTA-Blood-HI','{\"type\":\"select\",\"option\":\",Negative, Positive\"}','For P. Vivax','',NULL,NULL,NULL,NULL,1,1,1,1,NULL),(48,'ANC (Absolute Neutrophil Count)','EDTA-Blood-HI','{\"type\":\"number\",\"help\":\"/cmm 1600-8000 (Calculation)\",\"step\":\"1\",\"interval_l\":\"1600\",\"interval_h\":\"8000\"}','','',NULL,NULL,NULL,NULL,1,1,1,1,NULL),(49,'ALC (Absolute Lymphocyte Count)','EDTA-Blood-HI','{\"type\":\"number\",\"help\":\"/cmm 800-4000 (Calculation)\",\"step\":\"1\",\"interval_l\":\"800\",\"interval_h\":\"4000\"}','','',NULL,NULL,NULL,NULL,1,1,1,1,NULL),(50,'AEC (Absolute Eosinophil Count)','EDTA-Blood-HI','{\"type\":\"number\",\"help\":\"/cmm 20-500 (Calculation)\",\"step\":\"1\",\"interval_l\":\"20\",\"interval_h\":\"500\"}','','',NULL,NULL,NULL,NULL,1,1,1,1,NULL),(51,'Blasts','EDTA-Blood-HI','{\"type\":\"number\",\"help\":\"%\"}','','',NULL,NULL,NULL,NULL,1,1,1,1,NULL),(52,'Promyelocytes','EDTA-Blood-HI','{\"type\":\"number\",\"help\":\"%\"}','','',NULL,NULL,NULL,NULL,1,1,1,1,NULL),(53,'Myelocytes','EDTA-Blood-HI','{\"type\":\"number\",\"help\":\"%\"}','','',NULL,NULL,NULL,NULL,1,1,1,1,NULL),(54,'Metamyelocytes','EDTA-Blood-HI','{\"type\":\"number\",\"help\":\"%\"}','','',NULL,NULL,NULL,NULL,1,1,1,1,NULL),(55,'Neutrophils + Band Cells','EDTA-Blood-HI','{\"type\":\"number\",\"help\":\"%\"}','','',NULL,NULL,NULL,NULL,1,1,1,1,NULL),(56,'Remark','EDTA-Blood-HI','{\"type\":\"text\"}','For Differential Count','',NULL,NULL,NULL,NULL,1,1,1,1,NULL),(57,'Morphology','EDTA-Blood-HI','{\"type\":\"select\",\"option\":\",Normocytic,Normochromic,Normocytic Normochromic,Hypochromic Microcytic,Predominantly Normocytic Normochromic\"}','','',NULL,NULL,NULL,NULL,1,1,1,1,NULL),(58,'Anisocytosis','EDTA-Blood-HI','{\"type\":\"select\",\"option\":\",+,++,+++,++++,Mild,Occasional,Few\"}','','',NULL,NULL,NULL,NULL,1,1,1,1,NULL),(59,'Poikilocytosis','EDTA-Blood-HI','{\"type\":\"select\",\"option\":\",+,++,+++,++++,Mild,Occasional,Few\"}','','',NULL,NULL,NULL,NULL,1,1,1,1,NULL),(60,'Microcytosis','EDTA-Blood-HI','{\"type\":\"select\",\"option\":\",+,++,+++,++++,Mild,Occasional,Few\"}','','',NULL,NULL,NULL,NULL,1,1,1,1,NULL),(61,'Macrocytosis','EDTA-Blood-HI','{\"type\":\"select\",\"option\":\",+,++,+++,++++,Mild,Occasional,Few\"}','','',NULL,NULL,NULL,NULL,1,1,1,1,NULL),(62,'Hypochromia','EDTA-Blood-HI','{\"type\":\"select\",\"option\":\",+,++,+++,++++,Mild,Occasional,Few\"}','','',NULL,NULL,NULL,NULL,1,1,1,1,NULL),(63,'Target Cells','EDTA-Blood-HI','{\"type\":\"select\",\"option\":\",+,Occasional,Few\"}','','',NULL,NULL,NULL,NULL,1,1,1,1,NULL),(64,'Elliptocytes','EDTA-Blood-HI','{\"type\":\"select\",\"option\":\",+,Occasional,Few\"}','','',NULL,NULL,NULL,NULL,1,1,1,1,NULL),(65,'Tear Drop Cells','EDTA-Blood-HI','{\"type\":\"select\",\"option\":\",+,Occasional,Few\"}','','',NULL,NULL,NULL,NULL,1,1,1,1,NULL),(66,'Others','EDTA-Blood-HI','{\"type\":\"text\"}','For RBC Morphology','',NULL,NULL,NULL,NULL,1,1,1,1,NULL),(67,'Platelet Morphology','EDTA-Blood-HI','	{\"type\":\"select\",\"option\":\",Giant Platelet seen,Platelet aggregates seen\"}','','',NULL,NULL,NULL,NULL,1,1,1,1,NULL),(68,'Species','EDTA-Blood-HI','{\"type\":\"select\",\"option\":\",Not Detected, Plasmodium Vivax Ring Forms and Trophozoites,Plasmodium Falciparum Ring Forms, Plasmodium Falciparum Ring Forms with Gametocytes, Plasmodium Falciparum Gametocytes Detected,Plasmodium Vivax Ring and Trophozoites with Schizonts, Plasmodium Vivax Ring and Trophozoites with Gametocytes, Mixed Infection, Others\"}','','',NULL,NULL,NULL,NULL,1,1,1,1,NULL),(69,'Grade','EDTA-Blood-HI','{\"type\":\"select\",\"option\":\",+,++,+++,++++\"}','','',NULL,NULL,NULL,NULL,1,1,1,1,NULL),(70,'Others','EDTA-Blood-HI','{\"type\":\"text\"}','For other parasites and mixed','',NULL,NULL,NULL,NULL,1,1,1,1,NULL),(71,'MPV (Mean Platelet Volume)','EDTA-Blood-HI','{\"type\":\"number\",\"help\":\"fL 6.5-10 (Calculated)\",\"step\":\"0.1\",\"interval_l\":\"6.5\",\"interval_h\":\"10\"}','None','',NULL,NULL,NULL,NULL,1,1,1,1,NULL),(72,'PDW (Platelet Distribution Width)','EDTA-Blood-HI','{\"type\":\"number\",\"help\":\"% 10-18 (Calculated)\",\"step\":\"0.1\",\"interval_l\":\"10\",\"interval_h\":\"18\"}','None','',NULL,NULL,NULL,NULL,1,1,1,1,NULL),(73,'Reticulocyte Count ','EDTA-Blood-HI','{\"type\":\"number\",\"help\":\"% 0.5-2.5 (Microscopy)\",\"step\":\"0.1\",\"interval_l\":\"0.5\",\"interval_h\":\"2.5\"}','None','',NULL,NULL,NULL,NULL,1,1,1,1,NULL),(74,'Corrected Reticulocyte Count ','EDTA-Blood-HI','{\"type\":\"number\",\"help\":\"% (Calculated)\",\"step\":\"0.1\"}','None','',NULL,NULL,NULL,NULL,1,1,1,1,NULL),(75,'Erythrocyte Sedimentation Rate','EDTA-Blood-HI','{\"type\":\"number\",\"help\":\"mm/hr 0-12 (Westergren Method)\",\"interval_l\":\"0\",\"interval_h\":\"12\"}','None','',NULL,NULL,NULL,NULL,1,1,1,1,NULL),(76,'Prothrombin Time (PT)','Citrate-Blood-HI','{\"type\":\"number\",\"help\":\"secs 11-16 (Clot Based)\",\"interval_l\":\"11\",\"interval_h\":\"16\",\"cinterval_h\":\"60\"}','None','',NULL,NULL,NULL,NULL,1,1,1,1,NULL),(77,'Control (MNPT)','Citrate-Blood-HI','{\"type\":\"number\",\"help\":\"secs\"}','None','',NULL,NULL,NULL,NULL,1,1,1,1,NULL),(78,'Ratio','Citrate-Blood-HI','{\"type\":\"number\",\"calculate\":\"max(E/e,1)\",\"ex_list\":\"76,77\",\"step\":\"0.01\",\"decimal\":\"2\",\"help\":\"PT/MNPT (Calculated)\"}','None','',NULL,NULL,NULL,NULL,1,1,1,1,NULL),(79,'Index','Citrate-Blood-HI','{\"type\":\"number\",\"calculate\":\"100/e\",\"ex_list\":\"78\",\"step\":\"1\",\"decimal\":\"0\",\"help\":\"% 100/Ratio (Calculated)\"}','None','',NULL,NULL,NULL,NULL,1,1,1,1,NULL),(80,'PT (INR) Value','Citrate-Blood-HI','{\"type\":\"number\",\"calculate\":\"e^1.08\",\"ex_list\":\"78\",\"step\":\"0.01\",\"decimal\":\"2\",\"help\":\"Normal Population: 0.8-1.2\\nStandard Therapy: 2.0-3.0\\nHigh Dose Therapy: 3.0-4.5\\n(Calculated, ISI=1.0)\"}','None','',NULL,NULL,NULL,NULL,1,1,1,1,NULL),(81,'aPTT - Test','Citrate-Blood-HI','{\"type\":\"number\",\"help\":\"secs 27-34 (Clot Based)\",\"interval_l\":\"27\",\"interval_h\":\"34\",\"cinterval_h\":\"100\"}','None','',NULL,NULL,NULL,NULL,1,1,1,1,NULL),(82,'aPTT - Control ','Citrate-Blood-HI','{\"type\":\"number\",\"help\":\"secs\"}','None','',NULL,NULL,NULL,NULL,1,1,1,1,NULL),(83,'Fibrinogen','Citrate-Blood-HI','{\"type\":\"number\",\"help\":\"mg% 150-400 (Clot Based)\",\"interval_l\":\"150\",\"interval_h\":\"400\"}','None','',NULL,NULL,NULL,NULL,1,1,1,1,NULL),(84,'Fibrinogen Degradation Product (FDP)','Citrate-Blood-HI','{\"type\":\"select\",\"help\":\"(Agglutination)\",\"option\":\",Negative, Positive\"}','None','',NULL,NULL,NULL,NULL,1,1,1,1,NULL),(85,'Factor VIII Assay','Citrate-Blood-HI','{\"type\":\"number\",\"help\":\"% 50-150 (Clot Based)\",\"interval_l\":\"50\",\"interval_h\":\"150\"}','None','',NULL,NULL,NULL,NULL,1,1,1,1,NULL),(86,'Factor IX Assay','Citrate-Blood-HI','{\"type\":\"number\",\"help\":\"% 50-150 (Clot Based)\",\"interval_l\":\"50\",\"interval_h\":\"150\"}','None','',NULL,NULL,NULL,NULL,1,1,1,1,NULL),(87,'Bleeding Time (BT)','Citrate-Blood-HI','{\"type\":\"number\",\"help\":\"mins 02-05 (Duke Method)\",\"interval_l\":\"2\",\"interval_h\":\"5\"}','None','',NULL,NULL,NULL,NULL,1,1,1,1,NULL),(88,'Clotting Time (BT)','Citrate-Blood-HI','{\"type\":\"number\",\"help\":\"mins 08-15 (Capillary Tube Method)\",\"interval_l\":\"8\",\"interval_h\":\"15\"}','None','',NULL,NULL,NULL,NULL,1,1,1,1,NULL),(89,'Physical Examination','Plain-Urine-CP','{\"type\":\"subsection\",\"readonly\":\"readonly\"}','For Urine Physical Examination','',NULL,NULL,NULL,NULL,1,1,1,1,NULL),(90,'Quantity','Plain-Urine-CP','{\"type\":\"number\",\"help\":\"ml\"}','None','',NULL,NULL,NULL,NULL,1,1,1,1,NULL),(91,'Colour','Plain-Urine-CP','{\"type\":\"select\",\"help\":\"Pale Yellow\",\"option\":\",Pale Yellow, Yellow, Reddish, Dark Yellow,Slightly Reddish,Amber,Colourless,Pink\"}','None','',NULL,NULL,NULL,NULL,1,1,1,1,NULL),(92,'Appearance','Plain-Urine-CP','{\"type\":\"select\",\"help\":\"Clear\",\"option\":\",Clear, Slightly Turbid, Turbid, Cloudy\"}','None','','','','','',1,1,1,1,NULL),(93,'Odour','Plain-Urine-CP','{\"type\":\"select\",\"help\":\"Non-Specific\",\"option\":\",Non-Specific, Fruity, Mousy/Musty, Fishy, Ammoniacal, Foul, Rancid, Maple Syrup/Burnt Sugar\"}','For Urine Odour','','','','','',1,1,1,1,NULL),(94,'Chemical Examination','Plain-Urine-CP','{\"type\":\"subsection\",\"readonly\":\"readonly\"}','For Urine Chemical Examination','',NULL,NULL,NULL,NULL,1,1,1,1,NULL),(95,'pH','Plain-Urine-CP','{\"type\":\"text\",\"help\":\"4.5 - 8\"}','','',NULL,NULL,NULL,NULL,1,1,1,1,NULL),(96,'Specific Gravity','Plain-Urine-CP','{\"type\":\"text\",\"help\":\"1.003 - 1.030\"}','','',NULL,NULL,NULL,NULL,1,1,1,1,NULL),(97,'Protein (Albumin)','Plain-Urine-CP','{\"type\":\"select\",\"help\":\"Absent\",\"option\":\",Absent,Trace,+,++,+++,++++\"}','None','',NULL,NULL,NULL,NULL,1,1,1,1,NULL),(98,'Glucose','Plain-Urine-CP','{\"type\":\"select\",\"help\":\"Absent\",\"option\":\",Absent,Trace,+,++,+++,++++\"}','None','','','','','',1,1,1,1,NULL),(99,'Ketones','Plain-Urine-CP','{\"type\":\"select\",\"help\":\"Absent\",\"option\":\",Absent,Trace,+,++,+++,++++\"}','None','',NULL,NULL,NULL,NULL,1,1,1,1,NULL),(100,'Bile Salts','Plain-Urine-CP','{\"type\":\"select\",\"help\":\"Absent\",\"option\":\",Absent, Present\"}','None','',NULL,NULL,NULL,NULL,1,1,1,1,NULL),(101,'Bile Pigments','Plain-Urine-CP','{\"type\":\"select\",\"help\":\"Absent\",\"option\":\",Absent, Present\"}','None','',NULL,NULL,NULL,NULL,1,1,1,1,NULL),(102,'Blood','Plain-Urine-CP','{\"type\":\"select\",\"help\":\"Absent\",\"option\":\",Absent,Trace,+,++,+++,++++\"}','None','',NULL,NULL,NULL,NULL,1,1,1,1,NULL),(103,'Microscopic Examination','Plain-Urine-CP','{\"type\":\"subsection\",\"readonly\":\"readonly\"}','For Urine Microscopic Examination','',NULL,NULL,NULL,NULL,1,1,1,1,NULL),(104,'Pus Cells','Plain-Urine-CP','{\"type\":\"text\",\"help\":\"Absent\",\"option\":\",Nil,1-2,2-4\"}','','',NULL,NULL,NULL,NULL,1,1,1,1,NULL),(105,'RBC (Red Blood Cells)','Plain-Urine-CP','{\"type\":\"text\",\"help\":\"Absent\",\"option\":\",Nil,1-2,2-4\"}','','',NULL,NULL,NULL,NULL,1,1,1,1,NULL),(106,'Epithelial Cells Number','Plain-Urine-CP','{\"type\":\"text\",\"help\":\"/hpf 0 - 5\"}','','',NULL,NULL,NULL,NULL,1,1,1,1,NULL),(107,'Crystals','Plain-Urine-CP','	{\"type\":\"select\",\"help\":\"Absent\",\"option\":\",Nil\"}','None','',NULL,NULL,NULL,NULL,1,1,1,1,NULL),(108,'Casts','Plain-Urine-CP','{\"type\":\"select\",\"help\":\"Absent\",\"option\":\",Nil\"}','None','',NULL,NULL,NULL,NULL,1,1,1,1,NULL),(109,'Others','Plain-Urine-CP','{\"type\":\"text\"}','For Urine Microscopic Examination','',NULL,NULL,NULL,NULL,1,1,1,1,NULL),(110,'Special Tests','Plain-Urine-CP','{\"type\":\"subsection\",\"readonly\":\"readonly\"}','For Urine Special Tests','',NULL,NULL,NULL,NULL,1,1,1,1,NULL),(111,'Test  Name','Plain-Urine-CP','{\"type\":\"select\",\"help\":\"Absent\",\"option\":\"NA, Bence Jones Proteins, Porphobilinogen, Chyluria, Cylindroids\"}','None','','','','','',1,1,1,1,NULL),(113,'Result','Plain-Urine-CP','{\"type\":\"text\"}','For Urine Special Test Result','',NULL,NULL,NULL,NULL,1,1,1,1,NULL),(114,'Physical Examination','Plain-Stool-CP','{\"type\":\"subsection\",\"readonly\":\"readonly\"}','For Stool Physical Examination','',NULL,NULL,NULL,NULL,1,1,1,1,NULL),(115,'Colour','Plain-Stool-CP','{\"type\":\"select\",\"option\":\",Brown, Yellow, Green,  Black, Greenish Yellow, Dark Yellow, Dark Brown, Whitish, Rice-water \"}','None','',NULL,NULL,NULL,NULL,1,1,1,1,NULL),(116,'Consistency','Plain-Stool-CP','{\"type\":\"select\",\"option\":\", Solid, Semi-solid, Loose, Watery\"}','None','','','','','',1,1,1,1,NULL),(117,'Chemical Examination','Plain-Stool-CP','{\"type\":\"subsection\",\"readonly\":\"readonly\"}','For Stool Chemical Examination','',NULL,NULL,NULL,NULL,1,1,1,1,NULL),(118,'Occult Blood','Plain-Stool-CP','{\"type\":\"select\",\"help\":\"Absent (Benzidine Test)\",\"option\":\",Absent, Present\"}','None','','','','','',1,1,1,1,NULL),(119,'Microscopic Examination','Plain-Stool-CP','{\"type\":\"subsection\",\"readonly\":\"readonly\"}','For Stool Microscopic Examination','',NULL,NULL,NULL,NULL,1,1,1,1,NULL),(120,'Trophozoites','Plain-Stool-CP','{\"type\":\"select\",\"help\":\"Absent\",\"option\":\",Absent, Present\"}','None','',NULL,NULL,NULL,NULL,1,1,1,1,NULL),(121,'Ova','Plain-Stool-CP','{\"type\":\"select\",\"help\":\"Absent\",\"option\":\",Absent, Present\"}','None','',NULL,NULL,NULL,NULL,1,1,1,1,NULL),(122,'Cysts','Plain-Stool-CP','{\"type\":\"select\",\"help\":\"Absent\",\"option\":\",Nil\"}','None','',NULL,NULL,NULL,NULL,1,1,1,1,NULL),(123,'Pus Cells','Plain-Stool-CP','{\"type\":\"select\",\"help\":\"Absent\",\"option\":\",Absent, 1-2, 3-5, 6-8, 10-12, 15-20, Plenty\"}','None','',NULL,NULL,NULL,NULL,1,1,1,1,NULL),(124,'RBC (Red Blood Cells)','Plain-Stool-CP','{\"type\":\"select\",\"help\":\"Absent\",\"option\":\",Absent, 1-2, 3-5, 6-8, 10-12, 15-20, Plenty\"}','None','',NULL,NULL,NULL,NULL,1,1,1,1,NULL),(125,'Others','Plain-Stool-CP','{\"type\":\"text\"}','For Stool Microscopic Examination','',NULL,NULL,NULL,NULL,1,1,1,1,NULL),(126,'Specimen','EDTA-BodyFluid-CP','{\"type\":\"select\",\"option\":\",Cerebrospinal Fluid (CSF), Ascitic Fluid, Pleural Fluid, Peritoneal Fluid, Synovial Fluid, Pus, Pericardial Fluid, Cystic Fluid, Drain Fluid, Colposcopy Fluid, Abscess Material\"}','None','','','','','',1,1,1,1,NULL),(127,'Physical Examination','EDTA-BodyFluid-CP','{\"type\":\"subsection\",\"readonly\":\"readonly\"}','For Body Fluidl Examination','',NULL,NULL,NULL,NULL,1,1,1,1,NULL),(128,'Quantity','EDTA-BodyFluid-CP','{\"type\":\"select\",\"help\":\"ml\",\"option\":\",0.5, 1, 1.5, 2, 2.5, 3, 3.5\"}','None','',NULL,NULL,NULL,NULL,1,1,1,1,NULL),(129,'Colour','EDTA-BodyFluid-CP','{\"type\":\"select\",\"option\":\",Colourless, Pale Yellow, Yellow, Reddish, Dark Yellow,Slightly Reddish, Amber, Brownish, Greenish, Greyish, Milky-white, Black\"}','None','',NULL,NULL,NULL,NULL,1,1,1,1,NULL),(130,'Appearance','EDTA-BodyFluid-CP','{\"type\":\"select\",\"help\":\"Clear\",\"option\":\",Clear, Slightly Turbid, Turbid, Cloudy\"}','None','','','','','',1,1,1,1,NULL),(131,'Clot Formation','EDTA-BodyFluid-CP','{\"type\":\"select\",\"help\":\"Absent\",\"option\":\",Absent, Present\"}','None','',NULL,NULL,NULL,NULL,1,1,1,1,NULL),(132,'Microscopic Examination','EDTA-BodyFluid-CP','{\"type\":\"subsection\",\"readonly\":\"readonly\"}','For Microscopic Body Fluid Examination','',NULL,NULL,NULL,NULL,1,1,1,1,NULL),(133,'Total RBC (Red Blood Cells) Count','EDTA-BodyFluid-CP','{\"type\":\"text\",\"help\":\"cells/cmm\"}','None','',NULL,NULL,NULL,NULL,1,1,1,1,NULL),(134,'Total WBC (White Blood Cell) Count','EDTA-BodyFluid-CP','{\"type\":\"text\",\"help\":\"cells/cmm\"}','None','',NULL,NULL,NULL,NULL,1,1,1,1,NULL),(135,'Polymorphs','EDTA-BodyFluid-CP','{\"type\":\"text\",\"help\":\"%\"}','None','',NULL,NULL,NULL,NULL,1,1,1,1,NULL),(136,'Lymphocytes','EDTA-BodyFluid-CP','{\"type\":\"text\",\"help\":\"%\"}','None','',NULL,NULL,NULL,NULL,1,1,1,1,NULL),(137,'Remarks','EDTA-BodyFluid-CP','{\"type\":\"text\"}','For Body Fluid Microscopy','',NULL,NULL,NULL,NULL,1,1,1,1,NULL),(138,'Physical Examination','Plain-Semen-CP','{\"type\":\"subsection\",\"readonly\":\"readonly\"}','For Semen Physical Examination','',NULL,NULL,NULL,NULL,1,1,1,1,NULL),(139,'Quantity','Plain-Semen-CP','{\"type\":\"select\",\"help\":\"ml 2 - 5\",\"option\":\",0.5, 1, 2, 3, 4, 5, 6, 7, 8, 9, 10\"}','None','',NULL,NULL,NULL,NULL,1,1,1,1,NULL),(140,'Colour','Plain-Semen-CP','{\"type\":\"select\",\"help\":\"Greyish White\",\"option\":\",Greyish White, Whitish, Pale Yellow, Reddish, Slightly Reddish\"}','None','',NULL,NULL,NULL,NULL,1,1,1,1,NULL),(141,'Microscopic Examination','Plain-Semen-CP','{\"type\":\"subsection\",\"readonly\":\"readonly\"}','For Semen Examination','',NULL,NULL,NULL,NULL,1,1,1,1,NULL),(142,'Total Sperm Count','Plain-Semen-CP','{\"type\":\"text\",\"help\":\"mil/mL 30 - 300\"}','None','',NULL,NULL,NULL,NULL,1,1,1,1,NULL),(143,'Sperm motility','Plain-Semen-CP','{\"type\":\"subsection\",\"readonly\":\"readonly\"}','For Sperm Motility ','',NULL,NULL,NULL,NULL,1,1,1,1,NULL),(144,'Actively Motile','Plain-Semen-CP','{\"type\":\"text\",\"help\":\"% 60 - 70\"}','None','',NULL,NULL,NULL,NULL,1,1,1,1,NULL),(145,'Sluggishly Motile','Plain-Semen-CP','{\"type\":\"text\",\"help\":\"%\"}','None','',NULL,NULL,NULL,NULL,1,1,1,1,NULL),(146,'Non - Motile','Plain-Semen-CP','{\"type\":\"text\",\"help\":\"%\"}','None','',NULL,NULL,NULL,NULL,1,1,1,1,NULL),(147,'Bone Marrow Aspiration/Biopsy Number:','EDTA-Blood-HI','{\"type\":\"text\"}','For Bone marrow aspiration and biopsy','',NULL,NULL,NULL,NULL,1,1,1,1,NULL),(148,'Nature of Specimen:','EDTA-Blood-HI','{\"type\":\"text\"}','For Bone marrow aspiration and biopsy','',NULL,NULL,NULL,NULL,1,1,1,1,NULL),(149,'Brief Clinical History:','EDTA-Blood-HI','{\"type\":\"text\"}','For Bone marrow aspiration and biopsy','',NULL,NULL,NULL,NULL,1,1,1,1,NULL),(150,'Bone Marrow Aspiration Report','EDTA-Blood-HI','{\"type\":\"subsection\",\"readonly\":\"readonly\"}','','',NULL,NULL,NULL,NULL,1,1,1,1,NULL),(151,'Site:','EDTA-Blood-HI','{\"type\":\"select\",\"option\":\",Left Posterior Superior Iliac Spine, Right Posterior Superior Iliac Spine, Left Anterior Superior Iliac Spine, Right Anterior Superior Iliac Spine, Left Tibial Tuberosity, Right Tibial Tuberosity\"}','','',NULL,NULL,NULL,NULL,1,1,1,1,NULL),(152,'Particles:','EDTA-Blood-HI','{\"type\":\"select\",\"option\":\",Grossly appreciated, Grossly not appreciated, Heavily diluted with blood\"}','','',NULL,NULL,NULL,NULL,1,1,1,1,NULL),(153,'Cellularity:','EDTA-Blood-HI','{\"type\":\"select\",\"option\":\",Normocellular for age of patient, Hypocellular for age of patient, Hypercellular for age of patient\"}','','',NULL,NULL,NULL,NULL,1,1,1,1,NULL),(154,'M:E ratio','EDTA-Blood-HI','{\"type\":\"text\"}','','',NULL,NULL,NULL,NULL,1,1,1,1,NULL),(155,'Erythropoiesis','EDTA-Blood-HI','{\"type\":\"text\"}','','',NULL,NULL,NULL,NULL,1,1,1,1,NULL),(156,'Myelopoiesis','EDTA-Blood-HI','{\"type\":\"text\"}','','',NULL,NULL,NULL,NULL,1,1,1,1,NULL),(157,'Megakaryopoiesis','EDTA-Blood-HI','{\"type\":\"text\"}','','',NULL,NULL,NULL,NULL,1,1,1,1,NULL),(158,'Iron store:','EDTA-Blood-HI','{\"type\":\"text\"}','','',NULL,NULL,NULL,NULL,1,1,1,1,NULL),(159,'Differential count','EDTA-Blood-HI','{\"type\":\"subsection\",\"readonly\":\"readonly\"}','For Bone marrow aspiration','',NULL,NULL,NULL,NULL,1,1,1,1,NULL),(160,'Blasts:','EDTA-Blood-HI','{\"type\":\"text\"}','For Bone marrow aspiration','',NULL,NULL,NULL,NULL,1,1,1,1,NULL),(161,'Promyelocytes:','EDTA-Blood-HI','{\"type\":\"text\"}','For Bone marrow aspiration','',NULL,NULL,NULL,NULL,1,1,1,1,NULL),(162,'Myelocytes:','EDTA-Blood-HI','{\"type\":\"text\"}','For Bone marrow aspiration','',NULL,NULL,NULL,NULL,1,1,1,1,NULL),(163,'Metamyelocytes:','EDTA-Blood-HI','{\"type\":\"text\"}','For Bone marrow aspiration','',NULL,NULL,NULL,NULL,1,1,1,1,NULL),(164,'Neutrophils/Band cells','EDTA-Blood-HI','{\"type\":\"text\"}','For Bone marrow aspiration','',NULL,NULL,NULL,NULL,1,1,1,1,NULL),(165,'Lymphocytes:','EDTA-Blood-HI','{\"type\":\"text\"}','For Bone marrow aspiration','',NULL,NULL,NULL,NULL,1,1,1,1,NULL),(166,'Eosinophils and precursors','EDTA-Blood-HI','{\"type\":\"text\"}','For Bone marrow aspiration','',NULL,NULL,NULL,NULL,1,1,1,1,NULL),(167,'Monocytes:','EDTA-Blood-HI','{\"type\":\"text\"}','For Bone marrow aspiration','',NULL,NULL,NULL,NULL,1,1,1,1,NULL),(168,'Basophils:','EDTA-Blood-HI','{\"type\":\"text\"}','For Bone marrow aspiration','',NULL,NULL,NULL,NULL,1,1,1,1,NULL),(169,'Plasma cells:','EDTA-Blood-HI','{\"type\":\"text\"}','For Bone marrow aspiration','',NULL,NULL,NULL,NULL,1,1,1,1,NULL),(170,'others:','EDTA-Blood-HI','{\"type\":\"text\"}','For Bone marrow aspiration','',NULL,NULL,NULL,NULL,1,1,1,1,NULL),(171,'Findings:','EDTA-Blood-HI','{\"type\":\"text\"}','For Bone marrow aspiration','',NULL,NULL,NULL,NULL,1,1,1,1,NULL),(172,'Conclusion:','EDTA-Blood-HI','{\"type\":\"text\"}','For Bone marrow aspiration','',NULL,NULL,NULL,NULL,1,1,1,1,NULL),(173,'Bone Marrow Biopsy Report','EDTA-Blood-HI','{\"type\":\"subsection\",\"readonly\":\"readonly\"}','','',NULL,NULL,NULL,NULL,1,1,1,1,NULL),(174,'Site:','EDTA-Blood-HI','{\"type\":\"select\",\"option\":\",Left Posterior Superior Iliac Spine, Right Posterior Superior Iliac Spine, Left Anterior Superior Iliac Spine, Right Anterior Superior Iliac Spine, Left Tibial Tuberosity, Right Tibial Tuberosity\"}','for BMB','','','','','',1,1,1,1,NULL),(175,'Cellularity:','EDTA-Blood-HI','{\"type\":\"select\",\"option\":\",Normocellular for age of patient, Hypocellular for age of patient, Hypercellular for age of patient\"}','for BMB','','','','','',1,1,1,1,NULL),(176,'Erythropoesis:','EDTA-Blood-HI','{\"type\":\"text\"}','For Bone marrow biopsy','','','','','',1,1,1,1,NULL),(177,'Myelopoesis:','EDTA-Blood-HI','{\"type\":\"text\"}','For Bone marrow biopsy','','','','','',1,1,1,1,NULL),(178,'Megakaryopoesis:','EDTA-Blood-HI','{\"type\":\"text\"}','For Bone marrow biopsy','','','','','',1,1,1,1,NULL),(179,'Findings:','EDTA-Blood-HI','{\"type\":\"text\"}','For Bone marrow biopsy','','','','','',1,1,1,1,NULL),(180,'Conclusion:','EDTA-Blood-HI','{\"type\":\"text\"}','For Bone marrow biopsy','','','','','',1,1,1,1,NULL),(181,'Epithelial Cells Type','Plain-Urine-CP','{\"type\":\"select\",\"option\":\",Squamous Epithelial Cells, Transitional Epithelial Cells\"}','','','','','','',1,1,1,1,NULL),(400,'Lymphocyte','EDTA-Blood-HI','{\"type\":\"number\",\"help\":\"%\"}','','','','','','',1,1,1,1,NULL),(401,'Eosinophil','EDTA-Blood-HI','{\"type\":\"number\",\"help\":\"%\"}','','','','','','',1,1,1,1,NULL),(402,'Monocyte','EDTA-Blood-HI','{\"type\":\"number\",\"help\":\"%\"}','','','','','','',1,1,1,1,NULL),(403,'Basophil','EDTA-Blood-HI','{\"type\":\"number\",\"help\":\"%\"}','','','','','','',1,1,1,1,NULL),(404,'Others','EDTA-Blood-HI','{\"type\":\"text\"}','For premature dc','','','','','',1,1,1,1,NULL),(501,'Parasite','EDTA-Blood-HI','{\"type\":\"json\",\"json\":{\"Parasite Name\":{\"select\":\",PF,PV,F\"},\"Number\":{\"select\":\",+,++,+++\"},\"Stages\":\"Text\"}}','','','','','','',1,1,1,1,NULL),(502,'Basic','EDTA-Blood-HI','{\"type\":\"subsection\",\"readonly\":\"readonly\"}','For Basic PS','','','','','',1,1,1,1,NULL),(503,'Advanced','EDTA-Blood-HI','{\"type\":\"subsection\",\"readonly\":\"readonly\"}','For Advanced PS','','','','','',1,1,1,1,NULL),(510,'Manual Platelet Count','EDTA-Blood-HI','{\"type\":\"number\",\"help\":\"/cmm 150000-400000 (Impedance)\",\"step\":\"1\",\"interval_l\":\"150000\",\"interval_h\":\"400000\",\"cinterval_l\":\"20000\",\"cinterval_h\":\"1000000\"}','None','','','','','',1,1,1,1,NULL),(511,'Platelets on Peripheral Smear','EDTA-Blood-HI','{\"type\":\"select\",\"help\":\"\",\"option\":\",Adequate,Reduced,Increased,Mildly Reduced, Markedly Reduced,\"}','','','','','','',1,1,1,1,NULL),(555,'Hemoglobin','EDTA-Blood-HI','{\"type\":\"number\",\"help\":\"gm/dL M: 13-17 F:12-15 (Non-CyanomethHb)\",\"interval_l\":\"12\",\"interval_h\":\"17\",\"cinterval_l\":\"7\",\"cinterval_h\":\"20\",\"step\":\"0.1\"}','None','','','','','',1,1,1,1,NULL),(600,'Hemogram and Blood Indices','EDTA-Blood-HI','{\"type\":\"subsection\",\"readonly\":\"readonly\"}','For CBC','','','','','',1,1,1,1,NULL),(601,'Differential Count (Microscopy)','EDTA-Blood-HI','{\"type\":\"subsection\",\"readonly\":\"readonly\"}','For CBC','','','','','',1,1,1,1,NULL),(602,'Remark','Citrate-Blood-HI','{\"type\":\"text\"}','For PT','','','','','',1,1,1,1,NULL),(603,'Remark','Citrate-Blood-HI','{\"type\":\"text\"}','For aPTT','','','','','',1,1,1,1,NULL),(1000,'Sample_requirement','None','{\"type\":\"text\",\"help\":\"Describe\",\"readonly\":\"readonly\"}','None','','Sample Details','','','compact_report',1,1,1,1,NULL),(1001,'PID','None','{\"print_in_header\":\"yes\"}','None','','Patient Details','','','compact_report',1,0,1,1,NULL),(1002,'Name','None','{\"type\":\"text\",\"print_in_header\":\"yes\"}','None','','Patient Details','','','compact_report',1,1,1,1,NULL),(1003,'Request_id','None','{\"type\":\"text\",\"help\":\"Describe\"}','None','','Patient Details','','','compact_report',1,1,1,1,NULL),(1004,'Department','None','{\"type\":\"select\",\"option\":\",ART,Dentistry,IHBT,EmergencyMedicine,ENT,Medicine,OG,Opthalmology,Orthopaedics,Kidney Hospital,Paediatrics,PlasticSurgery,Psychiatry,Skin,Surgery,TBChest,Samaras,Unspecified\"}','None','','Patient Details','','','compact_report',1,1,1,1,NULL),(1005,'Unit','None','{\"type\":\"select\",\"option\":\",-,1,2,3,4,5,6,7,8,A,B\"}','None','','Patient Details','','','compact_report',1,1,1,1,NULL),(1006,'Location','None','{\"type\":\"select\",\"option\":\",C2(684),Radio_camp,old building 1st floor,old building 2nd floor,old building 3rd floor,old building ground floor,IHBT,C3(685),PICU,Casualty(446),E0(506),E1(507),E2(508),E3(509),E4(510),EMW(485),EOT(591),F0(511),F1(512),F2(513),F3(514),F3N(503),F4(515),FOW,G0(516),G0MICU(500),G1(517),G2(518),G3(519),G4(520),GOT(551),H0(497),H1(522),H2(523),H3(524),H4(525),HemodialysisUNIT(741),Isolation Ward,J0(521),J1(531),J2(527),J3(529),J4(530),LeptoWard(506),MICU(500-2),MOT(567),MOW(310),NEWORTHO(311),NOT(551),NOW(311),O2(539),OB(546),OBICU,OLDORTHO(310),OPD,PrisonerWard(310),RI(548),RII(564),RIII(580),SICU(478),SpecialWard(570-71),SwineFluWard(529),StemGround,StemF1,StemF2,StemF3,StemF4,StemF5,StemF6,StemF7,StemF8,StemF9,StemF10,StemHosp,KidneyOPD,StemOPD,TBICU,TRAUMA1(476),TRAUMA2(485),TraumaCenter(472-87),KidneyF5ICU,KidneyF5,kidneyF6,StemTriageSemiCritical,StemTriageICU,Stem Triage,Kidney 6th ICU- B,Kidney 6th ICU-A,Kidney F7,NICU,SAMRAS,Unspecified\"}','None','','Patient Details','','','compact_report',1,1,1,1,NULL),(1007,'Age(Y)','None','{\"type\":\"number\",\"help\":\"Full Years\"}','','','Patient Details','','','compact_report',1,1,1,1,NULL),(1008,'Sex','None','{\"type\":\"select\",\"option\":\",M,F,O\"}','','','Patient Details','','','compact_report',1,1,1,1,NULL),(1009,'Sample_Collection_Time','None','{\"type\":\"datetime-local\", \"pattern\":\"[0-9]{4}-[0-9]{2}-[0-9]{2}T[0-9]{2}:[0-9]{2}\" }','','','Sample Details','','','compact_report',1,1,1,1,NULL),(1010,'Sample_Receipt_Time','None','{\"type\":\"datetime-local\", \"pattern\":\"[0-9]{4}-[0-9]{2}-[0-9]{2}T[0-9]{2}:[0-9]{2}\" }','','','Sample Details','','','compact_report',1,1,1,1,NULL),(1011,'Request_Entry_time','None','{\"type\":\"datetime-local\",\"pattern\":\"[0-9]{4}-[0-9]{2}-[0-9]{2}T[0-9]{2}:[0-9]{2}\"}','','','Sample Details','','','compact_report',1,1,1,1,NULL),(1012,'DOB','None','{\"type\":\"date\"}','','','','','','',1,1,1,1,NULL),(1013,'Laboratory Name','None','{\"type\":\"select\",\"option\":\",Haematology and Clinical Pathology OPD-10 New Civil Hospital Surat Ph: 216-2244456 Ext: 424 425 426,Biochemistry Near Blood Bank New Civil Hospital Surat Ph: 0216-2244456 Ext: 317\"}','','','','','','',1,1,1,1,NULL),(1014,'released_by','None','{\"type\":\"text\",\"readonly\":\"readonly\"}','','','','','','',1,1,1,1,NULL),(1015,'Collection_Date','None','{\"type\":\"date\"}','','','Sample Details','','','compact_report',1,1,1,1,NULL),(1016,'Collection_Time','None','{\"type\":\"time\"}','','','Sample Details','','','compact_report',1,1,1,1,NULL),(1017,'Received_on','None','{\"type\":\"date\"}','','','Sample Details','','','compact_report',1,1,1,1,NULL),(1018,'Receipt_time','None','{\"type\":\"time\"}','','','Sample Details','','','compact_report',1,1,1,1,NULL),(1019,'(Interim) Released by ','None','{\"type\":\"text\"}','','','Sample Details','','','compact_report',1,1,1,1,NULL),(1020,'Age(M)','None','{\"type\":\"number\",\"help\":\"Full Months\"}','','','Patient Details','','','compact_report',1,1,1,1,NULL),(1021,'Age(D)','None','{\"type\":\"number\",\"help\":\"Days\"}','','','Patient Details','','','compact_report',1,1,1,1,NULL),(1022,'Sample Remark','None','','','','Sample Details','','','compact_report',1,1,1,1,NULL),(1023,'Sample Collection Condition','None','{\"type\":\"select\",\"option\":\"Random,Fasting,Postprendial-2HR,PostGlucose-75GM-1HR,PostGlucose-75GM-2HR,PostGlucose-75GM-3HR,PostGlucose-50GM-1HR\"}','','','Sample Details','','','compact_report',1,1,1,1,NULL),(1024,'email','None','{\"type\":\"select\",\"option\":\",suratcv19@gmail.com\"}','suratcv19@gmail.com','','Patient Details','','','compact_report',1,1,1,1,NULL),(1025,'mobile','None','{\"type\":\"realtext\"}','','','Patient Details','','','compact_report',1,1,1,1,NULL),(1026,'sample_volume','None','{\"type\":\"select\",\"option\":\"-,0.5,1.0,1.5,2.0,2.5,3.0,3.5,4.0,4.5\"}','','','Sample Details','','','compact_report',1,1,1,1,NULL),(1027,'request_date','None','{\"type\":\"date\",\"hide\":\"yes\"}','','','Sample Details','','','compact_report',1,1,1,1,NULL),(1028,'request_time','None','{\"type\":\"time\",\"hide\":\"yes\"}','','','Sample Details','','','compact_report',1,1,1,1,NULL),(1029,'sample_preparation_date','None','{\"type\":\"date\",\"hide\":\"yes\"}','','','Sample Details','','','compact_report',1,1,1,1,NULL),(1030,'sample_preparation_time','None','{\"type\":\"time\",\"hide\":\"yes\"}','','','Sample Details','','','compact_report',1,1,1,1,NULL),(1031,'analysis_date','None','{\"type\":\"date\",\"hide\":\"yes\"}','','','Sample Details','','','compact_report',1,1,1,1,NULL),(1032,'analysis_time','None','{\"type\":\"time\",\"hide\":\"yes\"}','','','Sample Details','','','compact_report',1,1,1,1,NULL),(1033,'verification_date','None','{\"type\":\"date\",\"hide\":\"yes\"}','','','Sample Details','','','compact_report',1,1,1,1,NULL),(1034,'verification_time','None','{\"type\":\"time\",\"hide\":\"yes\"}','','','Sample Details','','','compact_report',1,1,1,1,NULL),(1035,'release_date','None','{\"type\":\"date\",\"readonly\":\"readonly\"}','','','Sample Details','','','compact_report',1,1,1,1,NULL),(1036,'release_time','None','{\"type\":\"time\",\"readonly\":\"readonly\"}','','','Sample Details','','','compact_report',1,1,1,1,NULL),(1037,'interim_release_date','None','{\"type\":\"date\",\"readonly\":\"readonly\"}','','','Sample Details','','','compact_report',1,1,1,1,NULL),(1038,'interim_release_time','None','{\"type\":\"time\",\"readonly\":\"readonly\"}','','','Sample Details','','','compact_report',1,1,1,1,NULL),(1039,'wing','None','{\"type\":\"select\",\"option\":\"-,A,B,C,D\"}','','','Sample Details','','','compact_report',1,1,1,1,NULL),(1040,'Transporter','None','{\"type\":\"select\",\"option\":\"-,Manish,Jignesh,Jayaben,Suraj\"}','','','Sample Details','','','compact_report',1,1,1,1,NULL),(1041,'ThyroxinRx','None','{\"type\":\"select\",\"option\":\",Yes,No\"}','','','Sample Details','','','compact_report',1,1,1,1,NULL),(1043,'sms_date','None','{\"type\":\"date\",\"hide\":\"yes\"}','','','','','','',1,1,1,1,NULL),(1044,'sms_time','None','{\"type\":\"time\",\"hide\":\"yes\"}','','','','','','',1,1,1,1,NULL),(1045,'request_id','None','{\"type\":\"id_multi_sample\",\"table\":\"request_id\",\"readonly\":\"readonly\",\"unique_prefix\":\"R-\",\"minimum\":\"1000\"}','inserted, never edited, as group of samples','','Sample Details/IDs','','10','compact_report',1,1,1,1,NULL),(1046,'opd_id','None','{\"type\":\"id_single_sample\",\"table\":\"opd_id\",\"readonly\":\"readonly\",\"unique_prefix\":\"P\",\"minimum\":\"1000\"}','inserted, never edited, one for each sample','','Sample Details/IDs','','20','compact_report',1,1,1,1,NULL),(1047,'ward_id','None','{\"type\":\"id_single_sample\",\"table\":\"ward_id\",\"readonly\":\"readonly\",\"unique_prefix\":\"W-\",\"minimum\":\"1000\"}','inserted, never edited, one for each sample','','Sample Details/IDs','','30','compact_report',1,1,1,1,NULL),(1048,'qc1_id','None','{\"type\":\"id_single_sample\",\"table\":\"qc1_id\",\"readonly\":\"readonly\",\"unique_prefix\":\"Q1-\",\"minimum\":\"1000\"}','inserted, never edited, one for each sample','','Sample Details/IDs','','30','compact_report',1,1,1,1,NULL),(1099,'LDL Cholesterol(alt)','Plain-Blood-BI','{\"type\":\"number\",\"help\":\" mg/dL &lt;130 (Calculated)\",\"calculate\":\"(E/0.948) - (E/0.971) -  (E/8.56 + ( (E-E)/2140 ) - ( (E^2)/16100 )) - 9.44\",\"ex_list\":\" 5015,5016,5018,5015,5016,5018\",\"equipment\":\"C\"}','','','','','','',1,1,1,1,NULL),(2001,'Clinical History','Formalin-Tissue-HP','{\"zoom\":\"zoom\"}','','','','','','',1,1,1,1,NULL),(2002,'Nature of specimen','Formalin-Tissue-HP','{\"zoom\":\"zoom\"}','','','','','','',1,1,1,1,NULL),(2003,'Macroscopic examination done by','Formalin-Tissue-HP','','','','','','','',1,1,1,1,NULL),(2004,'Total Number of Blocks','Formalin-Tissue-HP','','','','','','','',1,1,1,1,NULL),(2005,'Macroscopic Examination','Formalin-Tissue-HP','{\"zoom\":\"zoom\"}','','','','','','',1,1,1,1,NULL),(2006,'Microscopic Examination','Formalin-Tissue-HP','{\"zoom\":\"zoom\"}','','','','','','',1,1,1,1,NULL),(2007,'Conclusion','Formalin-Tissue-HP','{\"zoom\":\"zoom\"}','For Formalin HP specimen','','','','','',1,1,1,1,NULL),(2008,'Notes','Formalin-Tissue-HP','{\"zoom\":\"zoom\"}','For Formalin HP specimen','','','','','',1,1,1,1,NULL),(2009,'Stains','Formalin-Tissue-HP','','','','','','','',1,1,1,1,NULL),(2010,'General','Formalin-Tissue-HP','{\"type\":\"subsection\",\"readonly\":\"readonly\"}','For Histopathology','','','','','',1,1,1,1,NULL),(2011,'.                                              .','Formalin-Tissue-HP','{\"type\":\"subsection\",\"readonly\":\"readonly\"}','For Histopathology','','','','','',1,1,1,1,NULL),(2012,'Dr.','None','{\"type\":\"select\",\"option\":\",Komal Patel (M.D Pathology),V M Bhagat (M.D Pathology),Sejal Gamit (M.D Pathology)\"}','','','','','','',1,1,1,1,NULL),(2013,'Dr.','None','{\"type\":\"select\",\"option\":\",Komal Patel (M.D Pathology),V M Bhagat (M.D Pathology),Sejal Gamit (M.D Pathology)\"}','','','','','','',1,1,1,1,NULL),(2014,'Dr.','None','{\"type\":\"select\",\"option\":\",Komal Patel (M.D Pathology),V M Bhagat (M.D Pathology),Sejal Gamit (M.D Pathology)\"}','','','','','','',1,1,1,1,NULL),(2015,'Dr.','None','{\"type\":\"select\",\"option\":\",Komal Patel (M.D Pathology),V M Bhagat (M.D Pathology),Sejal Gamit (M.D Pathology)\"}','','','','','','',1,1,1,1,NULL),(5001,'Creatinine','Plain-Blood-BI','{\"type\":\"number\",\"help\":\"mg/dL (Jaffe two point)\\n Male: 0.9-1.3\\n Female: 0.6-1.1\\n(Not in NABL Scope)\",\"step\":\"0.1\",\"interval_h\":\"1.3\",\"cinterval_h\":\"4.0\",\"ainterval_h\":\"40.0\",\"ainterval_l\":\"0.1\",\"equipment\":\"C\",\"accr_status\":\"no\",\"cost\":\"150\"}','Biochemistry/OPD/RFT,Biochemistry/OPD/Basic,Biochemistry/Basic/RFT','LREG','','','','',1,1,1,1,NULL),(5002,'Urea','Plain-Blood-BI','{\"type\":\"number\",\"help\":\"mg/dL 13-43 (Urease  GLDH)\",\"interval_h\":\"43\",\"interval_l\":\"13\",\"cinterval_h\":\"100\",\"ainterval_h\":\"400\",\"equipment\":\"C\",\"cost\":\"200\"}','Biochemistry/OPD/RFT,Biochemistry/OPD/Basic,Biochemistry/Basic/RFT','LREG/U','RFT','','','',1,1,1,1,NULL),(5006,'Alanine Transaminase','Plain-Blood-BI','{\"type\":\"text\",\"help\":\"U/L &lt;45 (L-Alanine LDH UV Kinetic)\",\"interval_h\":\"45\",\"cinterval_h\":\"450\",\"ainterval_h\":\"4500\",\"equipment\":\"C\",\"cost\":\"100\"}','Biochemistry/OPD/LFT,Biochemistry/OPD/Basic,Biochemistry/Basic/LFT','LREG','Liver','','','',1,1,1,1,NULL),(5007,'Alkaline Phosphatase','Plain-Blood-BI','{\"type\":\"number\",\"help\":\"U/L 42-128 (pNPP with AMP buffer)\",\"interval_h\":\"128\",\"cinterval_h\":\"1000\",\"ainterval_h\":\"3000\",\"equipment\":\"C\",\"cost\":\"70\"}','Biochemistry/OPD/LFT,Biochemistry/OPD/Basic,Biochemistry/Basic/LFT','','Liver','','','',1,1,1,1,NULL),(5008,'Amylase','Plain-Blood-BI','{\"type\":\"number\",\"help\":\"U/L 28-100 (CNPG)\",\"interval_h\":\"100\",\"cinterval_h\":\"400\",\"ainterval_h\":\"5000\",\"equipment\":\"C\",\"cost\":\"350\"}','','','','','','',1,1,1,1,NULL),(5009,'Total Billirubin','Plain-Blood-BI','{\"type\":\"text\",\"help\":\"mg/dL &lt;1.3 (Diazo Reaction)\",\"step\":\"0.1\",\"cinterval_h\":\"15\",\"interval_h\":\"1.3\",\"ainterval_h\":\"50\",\"equipment\":\"C\",\"cost\":\"50\"}','Biochemistry/OPD/LFT,Biochemistry/OPD/Basic,Biochemistry/OPD/LFT,/Biochemistryochemistry/Basic/LFT','LREG','Liver','','','',1,1,1,1,NULL),(5010,'Direct Billirubin','Plain-Blood-BI','{\"type\":\"text\",\"help\":\"mg/dL &lt;0.4 (Diazo Reaction)\",\"step\":\"0.1\",\"interval_h\":\"0.4\",\"ainterval_h\":\"50\",\"equipment\":\"C\",\"cost\":\"50\"}','Biochemistry/OPD/LFT,Biochemistry/OPD/Basic,Biochemistry/Basic/LFT','LREG','Liver','','','',1,1,1,1,NULL),(5011,'Albumin','Plain-Blood-BI','{\"type\":\"number\",\"help\":\" g/dL &lt;3.5-5.2 (BCG)\",\"step\":\"0.1\",\"cinterval_l\":\"1\",\"interval_h\":\"5.2\",\"interval_l\":\"3.5\",\"ainterval_h\":\"10\",\"ainterval_l\":\"0.5\",\"equipment\":\"C\",\"cost\":\"130\"}','Ca-PO-Alb-TP','LREG/ALB+TP,CPATM','Liver','','','',1,1,1,1,NULL),(5012,'Total Protein','Plain-Blood-BI','{\"type\":\"number\",\"help\":\" g/dL &lt;6.4-8.3 (Biuret)\",\"step\":\"0.1\",\"cinterval_l\":\"3\",\"interval_h\":\"8.3\",\"interval_l\":\"6.4\",\"ainterval_h\":\"15\",\"ainterval_l\":\"1\",\"equipment\":\"C\",\"cost\":\"100\"}','Ca-PO-Alb-TP','LREG/ALB+TP,CPATM','Liver','','','',1,1,1,1,NULL),(5013,'Aspartate transaminase','Plain-Blood-BI','{\"type\":\"number\",\"help\":\"U/L &lt;35 ( UV Kinetic)\",\"interval_h\":\"35\",\"cinterval_h\":\"450\",\"ainterval_h\":\"4500\",\"equipment\":\"C\"}','Biochemistry/OPD/LFT/Advanced,Biochemistry/OPD/Advanced,Biochemistry/Basic/LFT/Advanced','','Liver','','','',1,1,1,1,NULL),(5014,'Calcium','Plain-Blood-BI','{\"type\":\"number\",\"help\":\"mg/dL 8.6-10.2 (Arsenazo III)\",\"step\":\"0.1\",\"cinterval_l\":\"6.5\",\"cinterval_h\":\"13\",\"interval_l\":\"8.6\",\"interval_h\":\"10.2\",\"ainterval_h\":\"15\",\"ainterval_l\":\"3\",\"equipment\":\"C\"}','Ca-PO-Alb-TP','CPATM','Electrolytes','','','',1,1,1,1,NULL),(5015,'Total Cholesterol','Plain-Blood-BI','{\"type\":\"number\",\"help\":\" mg/dL &lt;200 (CHOD-POD)\",\"interval_h\":\"200\",\"ainterval_h\":\"1000\",\"ainterval_l\":\"30\",\"equipment\":\"C\"}','Others','GLU-LIP','Lipid Profile','','','',1,1,1,1,NULL),(5016,'HDL Cholesterol','Plain-Blood-BI','{\"type\":\"number\",\"help\":\" mg/dL >40 (Dextransulphate-Mg2+precipitat)\",\"interval_l\":\"40\",\"equipment\":\"C\"}','Others','GLU-LIP/HDL','','','','',1,1,1,1,NULL),(5017,'LDL Cholesterol','Plain-Blood-BI','{\"type\":\"number\",\"help\":\" mg/dL &lt;130 (Calculated)\",\"interval_h\":\"130\",\"calculate\":\"E-E-E\",\"ex_list\":\"5015,5016,5028\",\"equipment\":\"C\"}','Others','GLU-LIP/HDL','','','','',1,1,1,1,NULL),(5018,'Triglyceride','Plain-Blood-BI','{\"type\":\"number\",\"help\":\"mg/dL &lt;150 (LipaseGPOPOD)\",\"interval_h\":\"150\",\"cinterval_h\":\"1000\",\"ainterval_h\":\"1500\",\"equipment\":\"C\"}','Others','GLU-LIP','Lipid Profile','','','',1,1,1,1,NULL),(5019,'Sodium','Plain-Blood-BI','{\"type\":\"number\",\"help\":\" mmol/L 136-145 (Direct ISE)\",\"cinterval_l\":\"129\",\"cinterval_h\":\"160\",\"interval_h\":\"145\",\"interval_l\":\"136\",\"ainterval_h\":\"175\",\"ainterval_l\":\"110\",\"equipment\":\"C\",\"accr_status\":\"yes\"}','Others','LREG','Electrolytes','','','',1,1,1,1,NULL),(5020,'Potassium','Plain-Blood-BI','{\"type\":\"number\",\"help\":\" mmol/L 3.5-5.1 (Direct ISE)\",\"step\":\"0.1\",\"cinterval_l\":\"3\",\"cinterval_h\":\"7.1\",\"interval_h\":\"5.1\",\"interval_l\":\"3.5\",\"ainterval_h\":\"7.5\",\"ainterval_l\":\"1\",\"equipment\":\"C\"}','','LREG','Electrolytes','','','',1,1,1,1,NULL),(5021,'Iron','Plain-Blood-BI','{\"type\":\"number\",\"help\":\"microgm/dL 41-141 (Ferrozine)\",\"interval_h\":\"141\",\"interval_l\":\"41\",\"ainterval_h\":\"750\",\"equipment\":\"C\"}','','Anemia ','','','','',1,1,1,1,NULL),(5022,'TIBC','Plain-Blood-BI','{\"type\":\"number\",\"help\":\"microgm/dL 251-406(calculated)\",\"interval_h\":\"406\",\"interval_l\":\"251\",\"ainterval_h\":\"750\",\"equipment\":\"C\"}','','Anemia ','','','','',1,1,1,1,NULL),(5023,'UIBC','Plain-Blood-BI','{\"type\":\"number\",\"help\":\"microgm/dL 120-470((Ferrozine Alkaline PH)\",\"interval_h\":\"470\",\"interval_l\":\"120\",\"ainterval_h\":\"600\",\"equipment\":\"C\"}','','Anemia ','','','','',1,1,1,1,NULL),(5024,'Indirect Billirubin','Plain-Blood-BI','{\"type\":\"text\",\"calculate\":\"E-E\",\"ex_list\":\"5009,5010\", \"step\":\"0.1\",\"decimal\":\"1\",\"help\":\"(Calculated)(mg/dL)&lt;1.3\",\"cinterval_h\":\"15\",\"interval_h\":\"1.3\",\"ainterval_h\":\"50\",\"equipment\":\"C\"}','','LREG','Liver','','','',1,1,1,1,NULL),(5025,'Lactate Dehydrogenase','Plain-Blood-BI','{\"type\":\"number\",\"help\":\"U/L &lt;360 (L to P UV Kinetic)\",\"interval_h\":\"360\",\"equipment\":\"C\"}','','LREG/ALB+TP/LDH','','','','',1,1,1,1,NULL),(5026,'Lipase','Plain-Blood-BI','{\"type\":\"number\",\"help\":\" U/L 0-5 (Turbidimetry )\",\"interval_h\":\"5\",\"equipment\":\"C\"}','','','','','','',1,1,1,1,NULL),(5027,'Uric Acid','Plain-Blood-BI','{\"type\":\"number\",\"help\":\"mg/dL 2.6-7.2 (Uricase POD)\",\"step\":\"0.1\",\"interval_h\":\"7.2\",\"cinterval_h\":\"10\",\"ainterval_h\":\"20\",\"equipment\":\"C\"}','','','','','','',1,1,1,1,NULL),(5028,'VLDL Cholesterol','Plain-Blood-BI','{\"type\":\"number\",\"help\":\" mg/dL &lt;30 (Calculated)\",\"interval_h\":\"30\",\"calculate\":\"E/5\",\"ex_list\":\"5018\",\"equipment\":\"C\"}','','GLU-LIP/HDL','','','','',1,1,1,1,NULL),(5029,'Glucose','Plain-CSF-BI','{\"type\":\"number\",\"help\":\"mg/dl 40-70 (GOD-POD)\",\"interval_l\":\"40\",\"interval_h\":\"70\",\"cinterval_l\":\"30\",\"ainterval_h\":\"1500\",\"equipment\":\"C\"}','','Fluid/csf','CSF Examination','','','',1,1,1,1,NULL),(5030,'Total Protein','Plain-CSF-BI','{\"type\":\"number\",\"help\":\"mg/dL 15-40 (Pyrogallol red)\",\"interval_l\":\"15\",\"interval_h\":\"40\",\"method\":\"Pyrogallol Red\",\"equipment\":\"C\"}','','Fluid/csf','','','','',1,1,1,1,NULL),(5031,'Glucose','Fluoride-Blood-BI','{\"type\":\"number\",\"help\":\"mg/dl (GOD-POD endpoint)\\n **Diabetes Mellitus (ADA 2016)**\\n   ===========================\\nFasting >126 mg/dL \\nPost Glucose (75gm) >=200 mg/dL \\n\\n **Impaired Glucose Tolerance (ADA 2016)**\\n   =====================================\\nFasting 100-125 mg/dL\\nPost Glucose (75gm) 140-199 mg/dL\",\"interval_l\":\"70\",\"interval_h\":\"140\",\"cinterval_l\":\"55\",\"cinterval_h\":\"300\",\"ainterval_h\":\"1500\",\"ainterval_l\":\"5\",\"equipment\":\"C\"}','','LREG,GLU-LIP','Diabetes Mellitus','','','',1,1,1,1,NULL),(5032,'Adenosine Deaminase','Plain-CSF-BI','{\"type\":\"number\",\"help\":\"U/mL &lt;15 (Berthelot)\",\"interval_h\":\"15\"}','','Fluid/csf','','','','',1,1,1,1,NULL),(5033,'Adenosine Deaminase','Plain-Peritoneal Fluid-BI','{\"type\":\"number\",\"help\":\"U/mL N/A (Berthelot)\"}','','Fluid/peritoneal,Fluid/peritonealAMY-LIP,Fluid/peritonealTG-CHO-AMY-LIP','','','','',1,1,1,1,NULL),(5034,'Adenosine Deaminase','Plain-Pleural Fluid-BI','{\"type\":\"number\",\"help\":\"U/mL N/A (Berthelot)\"}','','Fluid/pleural,Fluid/pleuralAMY-LIP','','','','',1,1,1,1,NULL),(5035,'Glucose','Plain-Peritoneal Fluid-BI','{\"type\":\"number\",\"help\":\"mg/dl NA(GOD-POD)\",\"equipment\":\"C\"}','','Fluid/peritoneal,Fluid/peritonealAMY-LIP,Fluid/peritonealTG-CHO-AMY-LIP','','','','',1,1,1,1,NULL),(5036,'Glucose','Plain-Pleural Fluid-BI','{\"type\":\"number\",\"help\":\"mg/dl NA(GOD-POD)\",\"equipment\":\"C\"}','','Fluid/pleural,Fluid/pleuralAMY-LIP','','','','',1,1,1,1,NULL),(5037,'Total Protein','Plain-Pleural Fluid-BI','{\"type\":\"number\",\"help\":\"g/dL NA(Biuret)\",\"step\":\"0.1\",\"method\":\"Biuret\",\"equipment\":\"C\"}','','Fluid/pleural,Fluid/pleuralAMY-LIP','','','','',1,1,1,1,NULL),(5038,'Total Protein','Plain-Peritoneal Fluid-BI','{\"type\":\"number\",\"help\":\"g/dL NA(Biuret)\",\"step\":\"0.1\",\"method\":\"Biuret\",\"equipment\":\"C\"}','','Fluid/peritoneal,Fluid/peritonealAMY-LIP,Fluid/peritonealTG-CHO-AMY-LIP','','','','',1,1,1,1,NULL),(5039,'Lipase','Plain-Peritoneal Fluid-BI','{\"type\":\"number\",\"help\":\"U/L NA (Turbidimetry)\",\"equipment\":\"C\"}','','Fluid/peritonealAMY-LIP,Fluid/peritonealTG-CHO-AMY-LIP','','','','',1,1,1,1,NULL),(5040,'Amylase','Plain-Peritoneal Fluid-BI','{\"type\":\"number\",\"help\":\"U/L NA(CNPG)\",\"equipment\":\"C\"}','','Fluid/peritonealAMY-LIP,Fluid/peritonealTG-CHO-AMY-LIP','','','','',1,1,1,1,NULL),(5041,'Lactate Dehydrogenase','Plain-Peritoneal Fluid-BI','{\"type\":\"number\",\"help\":\"U/L NA(L to P UV Kinetic)\",\"equipment\":\"C\"}','','Fluid/peritoneal,Fluid/peritonealAMY-LIP,Fluid/peritonealTG-CHO-AMY-LIP','','','','',1,1,1,1,NULL),(5042,'Cholesterol','Plain-Peritoneal Fluid-BI','{\"type\":\"number\",\"help\":\" mg/dL N/A(CHOD-POD)\",\"equipment\":\"C\"}','','Fluid/peritonealTG-CHO-AMY-LIP','','','','',1,1,1,1,NULL),(5043,'Triglyceride','Plain-Peritoneal Fluid-BI','{\"type\":\"number\",\"help\":\" mg/dL N/A(Lipase  GPO - POD)\",\"equipment\":\"C\"}','','Fluid/peritonealTG-CHO-AMY-LIP','','','','',1,1,1,1,NULL),(5044,'Amylase','Plain-Pleural Fluid-BI','{\"type\":\"number\",\"help\":\"U/L NA(CNPG)\",\"equipment\":\"C\"}','','Fluid/pleuralAMY-LIP','','','','',1,1,1,1,NULL),(5045,'Lipase','Plain-Pleural Fluid-BI','{\"type\":\"number\",\"help\":\"U/L NA (Turbidimetry)\",\"step\":\"0.1\",\"equipment\":\"C\"}','','Fluid/pleuralAMY-LIP','','','','',1,1,1,1,NULL),(5046,'Lactate Dehydrogenase','Plain-Pleural Fluid-BI','{\"type\":\"number\",\"help\":\"U/L NA(L to P UV Kinetic)\",\"equipment\":\"C\"}','','Fluid/pleural,Fluid/pleuralAMY-LIP','','','','',1,1,1,1,NULL),(5047,'Lactate Dehydrogenase','Plain-CSF-BI','{\"type\":\"number\",\"help\":\"U/L NA(L to P UV Kinetic)\",\"equipment\":\"C\"}','','Fluid/csf','','','','',1,1,1,1,NULL),(5048,'Sodium','Plain-Urine-BI','{\"type\":\"number\",\"help\":\" mmol/L N/A(Direct ISE)\",\"equipment\":\"C\"}','','Urine/others','','','','',1,1,1,1,NULL),(5049,'Potassium','Plain-Urine-BI','{\"type\":\"number\",\"help\":\" mmol/L N/A(Direct ISE)\",\"step\":\"0.1\",\"equipment\":\"C\"}','','Urine/others','','','','',1,1,1,1,NULL),(5050,'Calcium','Plain-Urine-BI','{\"type\":\"number\",\"help\":\" mg/dL N/A (Arsenazo III)\",\"step\":\"0.1\",\"equipment\":\"C\"}','','Urine/others','','','','',1,1,1,1,NULL),(5051,'Phosphorus','Plain-Urine-BI','{\"type\":\"number\",\"help\":\" mg/dL N/A (Ammonium Molybdate)\",\"step\":\"0.1\",\"equipment\":\"C\"}','','Urine/others','','','','',1,1,1,1,NULL),(5052,'Creatinine','Plain-Urine-BI','{\"type\":\"number\",\"help\":\" mg/dL N/A (Jaffe two point)\",\"step\":\"0.1\",\"equipment\":\"C\"}','','Urine/PCR','','','','',1,1,1,1,NULL),(5053,'Total Protein','Plain-Urine-BI','{\"type\":\"number\",\"help\":\"g/dL N/A (Biuret)\",\"step\":\"0.1\",\"method\":\"Biuret\",\"equipment\":\"C\"}','','Urine/PCR','','','','',1,1,1,1,NULL),(5054,'Ketone body','Plain-Urine-BI','{\"type\":\"select\",\"option\":\", Positive , Negative\",\"help\":\" (Nitropruside)\",\"equipment\":\"K\"}','','Urine/Ketone','','','','',1,1,1,1,NULL),(5055,'Uric Acid','Plain-Urine-BI','{\"type\":\"number\",\"help\":\"mg/dL N/A (Uricase POD)\",\"step\":\"0.1\",\"step\":\"0.1\",\"equipment\":\"C\"}','','Urine/others','','','','',1,1,1,1,NULL),(5056,'Protein:creatinine Ratio','Plain-Urine-BI','{\"type\":\"number\",\"calculate\":\"E/e\",\"ex_list\":\"5085,5052\", \"step\":\"0.1\",\"decimal\":\"1\",\"help\":\"(Calculated)(mg/mg)\",\"method\":\"Pyrogallol Red\",\"equipment\":\"C\"}','','Urine/PCR','','','','',1,1,1,1,NULL),(5057,'Calcium:creatinine Ratio','Plain-Urine-BI','{\"type\":\"number\",\"calculate\":\"E/e\",\"ex_list\":\"5050,5052\", \"step\":\"0.1\",\"decimal\":\"1\",\"help\":\"(Calculated)(mg/mg)\",\"equipment\":\"C\"}','','','','','','',1,1,1,1,NULL),(5058,'24 hours Urine Volume','Plain-Urine-BI','{\"type\":\"number\",\"help\":\"mL (24 hours urine volume)\",\"equipment\":\"C\"}','','Urine/PCR','','','','',1,1,1,1,NULL),(5059,'24 hours Urine  Protein','Plain-Urine-BI','{\"type\":\"number\",\"calculate\":\"E*E/100\",\"ex_list\":\"5058,5085,\",\"step\":\"0.1\", \"decimal\":\"1\",\"help\":\"mg(Calculated)\",\"method\":\"Pyrogallol Red\",\"equipment\":\"C\"}','','Urine/PCR','','','','',1,1,1,1,NULL),(5060,'eGFR','Plain-Blood-BI','{\"type\":\"number\",\"calculate\":\"175*E^-1.154*E^-.203*E*E\",\"ex_list\":\"5001,5088,5087,5089\",\"step\":\"0.1\", \"decimal\":\"1\",\"help\":\"mL/min/1.73 m²(Calculated)(MDRD)\",\"equipment\":\"C\"}','','','','','','',1,1,1,1,NULL),(5061,'Serum Osmolality','Plain-Blood-BI','{\"type\":\"number\",\"calculate\":\"2*E+(E*0.17)+(E*0.06)+9\",\"ex_list\":\"5019,5002,5031\",\"step\":\"0.1\", \"decimal\":\"1\",\"help\":\"(Calculated)\",\"equipment\":\"C\"}','','Osmolarity/sr.osm','','','','',1,1,1,1,NULL),(5062,'Protein Electrophoresis','Plain-Blood-BI','{\"zoom\":\"zoom\"}','','','','','','',1,1,1,1,NULL),(5063,'Electrophoresis Observation','EDTA-Blood-BI','{\"type\":\"subsection\",\"readonly\":\"readonly\",\"equipment\":\"E\"}','','Refernce/hb electro','','','','',1,1,1,1,NULL),(5064,'Dithonite Test Observation','EDTA-Blood-BI','{\"type\":\"subsection\",\"readonly\":\"readonl\"}','','Refernce/hb electro','','','','',1,1,1,1,NULL),(5065,'Band at HbA position','EDTA-Blood-BI','{\"type\":\"select\",\"option\":\",Not Seen,Light,Dark\"}','','Refernce/hb electro','','','','',1,1,1,1,NULL),(5066,'Band at HbF position','EDTA-Blood-BI','{\"type\":\"select\",\"option\":\",Not Seen,Light,Dark\"}','','Refernce/hb electro','','','','',1,1,1,1,NULL),(5067,'Band at HbS position','EDTA-Blood-BI','{\"type\":\"select\",\"option\":\",Not Seen,Light,Dark\"}','','Refernce/hb electro','','','','',1,1,1,1,NULL),(5068,'Band at HbA2 position','EDTA-Blood-BI','{\"type\":\"select\",\"option\":\",Not Seen,Light,Dark\"}','','Refernce/hb electro','','','','',1,1,1,1,NULL),(5069,'Other Bands','EDTA-Blood-BI','{\"zoom\":\"zoom\"}','','Refernce/hb electro','','','','',1,1,1,1,NULL),(5070,'Dithonite test without Urea','EDTA-Blood-BI','{\"type\":\"select\",\"option\":\",Not Done,Turbid,Clear\"}','','Refernce/hb electro','','','','',1,1,1,1,NULL),(5071,'Dithonite test with Urea','EDTA-Blood-BI','{\"type\":\"select\",\"option\":\",Not Done,Turbid,Clear\"}','','Refernce/hb electro','','','','',1,1,1,1,NULL),(5072,'Clinical Laboratory Interpretation','EDTA-Blood-BI','{\"zoom\":\"zoom\"}','For HB Electrophoresis','Refernce/hb electro','','','','',1,1,1,1,NULL),(5073,'Electrophoresis Image','EDTA-Blood-BI','{\"type\":\"blob\",\"img\":\"png\",\"width\":\"300\",\"height\":\"200\"}','','Refernce/hb electro','','','','',1,1,1,1,NULL),(5074,'Remarks','EDTA-Blood-BI','{\"help\":\"HbA1c is your average blood glucose (sugar) levels for the last two to three months. If you have diabetes, an ideal HbA1c level is 48mmol/mol (6.5%) or below. If you\'re at risk of developing type 2 diabetes, your target HbA1c level should be below 42mmol/mol (6%).\"}','','Refernce/hb electro','Diabetes Mellitus','','40','horizontal1',1,1,1,1,NULL),(5075,'Remarks','Plain-Blood-BI','','','Refernce/protein electro','','','','',1,1,1,1,NULL),(5076,'Electrophoresis Image','Plain-Blood-BI','{\"type\":\"blob\",\"img\":\"png\",\"width\":\"100\",\"height\":\"100\",\"help\":\"Amido Black Staining of Hemoglobin (number at each lane denote sample_id\"}','','Refernce/protein electro','','','','',1,1,1,1,NULL),(5077,'Clinical Laboratory Interpretation','Plain-Blood-BI','{\"zoom\":\"zoom\",\"equipment\":\"PR\"}','For HB Electrophoresis','Refernce/protein electro','','','','',1,1,1,1,NULL),(5078,'Electrophoresis Observation','Plain-Blood-BI','{\"type\":\"subsection\",\"readonly\":\"readonly\"}','','Refernce/protein electro','','','','',1,1,1,1,NULL),(5079,'Band at M position','Plain-Blood-BI','{\"type\":\"select\",\"option\":\",Not Seen,Light,Dark\"}','','Refernce/protein electro','','','','',1,1,1,1,NULL),(5080,'Total Protein','Plain-CSF-BI','{\"type\":\"number\",\"help\":\"g/dL 0.015-0.040 (Biuret)\",\"method\":\"Biuret\",\"equipment\":\"C\"}','','','','','','',1,1,1,1,NULL),(5081,'Total Protein','Plain-Pleural Fluid-BI','{\"type\":\"number\",\"help\":\"mg/dL NA(Pyrogallol Red)\",\"method\":\"Pyrogallol Red\",\"equipment\":\"C\"}','Fluid/pleural','Fluid/pleural,Fluid/pleuralAMY-LIP','','','','',1,1,1,1,NULL),(5082,'Total Protein','Plain-Peritoneal Fluid-BI','{\"type\":\"number\",\"help\":\"mg/dL NA(Pyrogallol Red)\",\"method\":\"Pyrogallol Red\",\"equipment\":\"C\"}','','Fluid/peritoneal,Fluid/peritonealAMY-LIP,Fluid/peritonealTG-CHO-AMY-LIP','','','','',1,1,1,1,NULL),(5083,'Sodium','Plain-CSF-BI','{\"type\":\"number\",\"help\":\" mmol/L N/A(Direct ISE)\",\"equipment\":\"C\"}','','Fluid/csf','','','','',1,1,1,1,NULL),(5084,'Calcium','HCL-Urine-BI','{\"type\":\"number\",\"help\":\" mg/dL N/A (Arsenazo III)(Preservative:30 mL 6 M HCL)\",\"step\":\"0.1\",\"method\":\"24Hr Urine\",\"equipment\":\"C\"}','','','','','','',1,1,1,1,NULL),(5085,'Total Protein','Plain-Urine-BI','{\"type\":\"number\",\"help\":\"mg/dL NA(Pyrogallol Red)\",\"method\":\"Pyrogallol Red\",\"equipment\":\"C\"}','','','','','','',1,1,1,1,NULL),(5086,'Protein:creatinine Ratio','Plain-Urine-BI','{\"type\":\"number\",\"calculate\":\"(E*1000)/e\", \"ex_list\":\"5053,5052\", \"step\":\"0.1\",\"decimal\":\"1\",\"help\":\"(Calculated)(mg/mg)\",\"method\":\"Biuret\",\"equipment\":\"C\"}','','','','','','',1,1,1,1,NULL),(5087,'Sex for eGFR','Plain-Blood-BI','{\"type\":\"select\",\"option\":\",1,0.742\",\"help\":\" (male:1) (female:0.742)\"}','','','','','','',1,1,1,1,NULL),(5088,'Age for GFR','Plain-Blood-BI','{\"type\":\"number\"}','','','','','','',1,1,1,1,NULL),(5089,'race for eGFR','Plain-Blood-BI','{\"type\":\"select\",\"option\":\",1,1.210\",\"help\":\" (Non african:1) (African:1.210)\"}','','','','','','',1,1,1,1,NULL),(5092,'CK','Plain-Blood-BI','{\"type\":\"number\",\"help\":\"U/L 25-125 (phosphocreatine HK G6PD)\",\"interval_h\":\"125\",\"equipment\":\"C\"}','Cardiac profile','Cardiac profile','','','','',1,1,1,1,NULL),(5093,'CK-MB','Plain-Blood-BI','{\"type\":\"number\",\"help\":\"U/L 0-24 (Immunoinhibition, HK, G6PD)\",\"interval_h\":\"24\",\"equipment\":\"C\"}','','Cardiac profile','','','','',1,1,1,1,NULL),(5094,'Creatinine','Plain-Peritoneal Fluid-BI','{\"type\":\"number\",\"help\":\" mg/dL N/A (Jaffe two point)\",\"step\":\"0.1\",\"equipment\":\"C\"}','','','','','','',1,1,1,1,NULL),(5095,'Sample_Rejection','None','{\"type\":\"select\",\"option\":\",not done as sample inadequate\"}','','','','','','',1,1,1,1,NULL),(5096,'Examination_Rejection','None','{\"type\":\"select\",\"option\":\",not done because instrument is breakdown, some examinations are not done because sample is inadequate,Creatinine is  not done because sample is highly icteric and high bilirubin has negative interference on creatinine level,not done because sample not received, not  done because sample was highly hemolyzed, not done as lab resources are inadequate ,not  done because sample was highly viscous ,examinations are not done because sample is clotted,not done because sample is overfilled\"}','','','','','','',1,1,1,1,NULL),(5097,'Critical_Alert','None','{\"zoom\":\"zoom\"}','','','','','','',1,1,1,1,NULL),(5098,'Remark','None','{\"zoom\":\"zoom\"}','','','','','','',1,1,1,1,NULL),(5099,'Withdrawn_Report','None','{\"zoom\":\"zoom\"}','','','','','','',1,1,1,1,NULL),(5100,'Phosphorus','Plain-Blood-BI','{\"type\":\"number\",\"help\":\" mg/dL &lt;2.5-4.5 (Ammonium Molybdate)\",\"step\":\"0.1\",\"cinterval_l\":\"1\",\"cinterval_h\":\"8.9\",\"interval_h\":\"4.5\",\"interval_l\":\"2.5\",\"ainterval_h\":\"12.0\",\"ainterval_l\":\"0.5\",\"equipment\":\"C\"}','','CPATM','Electrolytes','','','',1,1,1,1,NULL),(5101,'Corrected Calcium','Plain-Blood-BI','{\"type\":\"number\",\"calculate\":\"0.8*(4-E)+E\",\"ex_list\":\"5011,5014\", \"step\":\"0.1\",\"decimal\":\"1\",\"help\":\"(Calculated)(mg/dL)8.6 - 10.2\",\"equipment\":\"C\"}','','CPATM','','','','',1,1,1,1,NULL),(5102,'Ketone body','Plain-Blood-BI','{\"type\":\"select\",\"option\":\",Positive,Negative,Not Done(See Remark)\",\"help\":\" (Nitropruside)\",\"equipment\":\"K\"}','','','','','','',1,1,1,1,NULL),(5103,'OPD_Sequence','None','','For Biochemistry OPD Sequence','','','','','',1,1,1,1,NULL),(5105,'Lactate Dehydrogenase','Plain-Other-BI','{\"type\":\"number\",\"help\":\"U/L NA(L to P UV Kinetic)\",\"equipment\":\"C\"}','','','','','','',1,1,1,1,NULL),(5106,'Amylase','Plain-Other-BI','{\"type\":\"number\",\"help\":\"U/L NA(CNPG)\",\"equipment\":\"C\"}','AMY+LIP','Fluid/others/AMY-LIP','','','','',1,1,1,1,NULL),(5107,'Lipase','Plain-Other-BI','{\"type\":\"number\",\"help\":\"U/L NA (Turbidimetry)\",\"equipment\":\"C\"}','AMY+LIP','Fluid/others/AMY-LIP','','','','',1,1,1,1,NULL),(5108,'Glucose','Plain-Other-BI','{\"type\":\"number\",\"help\":\"mg/dl NA(GOD-POD)\",\"equipment\":\"C\"}','','Fluid/others','','','','',1,1,1,1,NULL),(5109,'Cholesterol','Plain-Other-BI','{\"type\":\"number\",\"help\":\" mg/dL N/A(CHOD-POD)\",\"equipment\":\"C\"}','','Fluid/othersTG-CHO','','','','',1,1,1,1,NULL),(5110,'Triglyceride','Plain-Other-BI','{\"type\":\"number\",\"help\":\" mg/dL N/A(Lipase  GPO - POD)\",\"equipment\":\"C\"}','','Fluid/othersTG-CHO','','','','',1,1,1,1,NULL),(5111,'Micro Protein','Plain-Other-BI','{\"type\":\"number\",\"help\":\"mg/dL NA(Pyrogallol Red)\",\"method\":\"Pyrogallol Red\",\"equipment\":\"C\"}','','Fluid/others','','','','',1,1,1,1,NULL),(5112,'Total Protein','Plain-Other-BI','{\"type\":\"number\",\"help\":\" g/dL N/A (Biuret)\",\"step\":\"0.1\",\"method\":\"Biuret\",\"equipment\":\"C\"}','','Fluid/others','','','','',1,1,1,1,NULL),(5113,'Cholinesterase','Plain-Blood-BI','{\"type\":\"number\",\"help\":\" U/L &lt;3000-13000 (Butyrylthiocholine)\",\"cinterval_l\":\"3000\",\"equipment\":\"C\"}','','','','','','',1,1,1,1,NULL),(5114,'HCL wash','Plain-Blood-BI','{\"hide\":\"yes\"}','','','','','','',1,1,1,1,NULL),(5115,'Total T4','Plain-Blood-BI','{\"type\":\"number\",\"help\":\"nmol/L , 71.2-141 , (ECIA)\",\"equipment\":\"I\"}','','Refernce','','','','',1,1,1,1,NULL),(5116,'Total T3','Plain-Blood-BI','{\"type\":\"number\",\"help\":\"nmol/L , 1.49-2.60 , (ECIA)\",\"equipment\":\"I\"}','','Refernce','','','','',1,1,1,1,NULL),(5117,'TSH','Plain-Blood-BI','{\"type\":\"number\",\"help\":\" <h5>TSH Reference Ranges</h5><table border=\\\"1\\\"><tr><td>New born</td><td>up to 20</td><td>New born</td><td>up to 20</td><td>New born</td><td>up to 20</td></tr><tr><td>New born</td><td>up to 20</td><td>New born</td><td>up to 20</td><td>New born</td><td>up to 20</td></tr><tr><td>New born</td><td>up to 20</td><td>New born</td><td>up to 20</td><td>New born</td><td>up to 20</td></tr><tr><td>New born</td><td>up to 20</td><td>New born</td><td>up to 20</td><td>New born</td><td>up to 20</td></tr></table> \",\"interval_l\":\"0.465\",\"interval_h\":\"4.68\",\"equipment\":\"I\"}','','Immuno','Hormones Report','','','horizontal1',1,1,1,1,NULL),(5118,'Ferritin','Plain-Blood-BI','{\"type\":\"number\",\"help\":\"microgram/L\\n Male(Adult): 20-250\\n Female(Adult): 10-120\\n Newborn: 25-200 \\n 1 month: 200-600  \\n 2-5 month:50-200  \\n 6 month-15 years:7-140  \\n(ECLIA) \",\"interval_l\":\"6.24\",\"interval_h\":\"464\",\"equipment\":\"I\"}','','Anemia ','','','','',1,1,1,1,NULL),(5120,'Procalcitonin (PCT)','Plain-Blood-BI','{\"type\":\"number\",\"help\": \"microgram/L \\n # less than 0.5 => systemic bacterial infection is unlikely \\n # 0.5-2.0 => systemic bacterial infection is possible \\n # 2.0-10.0 => systemic bacterial infection is likely \\n # more than 10.0 => almost exclusively due to systemic bacterial infection\\n(ECIA)\", \"interval_h\":\"0.5\",\"cinterval_h\":\"2\",\"equipment\":\"I\"}','','','','','','',1,1,1,1,NULL),(5121,'CRP','Plain-Blood-BI','{\"type\":\"number\",\"help\": \"mg/L \\n less than 10 \\n This is not hsCRP. Donot use this result for interpretation when result is less than 10\\n(Immunoturbidimetry)\",\"interval_h\":\"10\",\"equipment\":\"D\"}','','LREG/ALB+TP/CRP','.sample_details','','','compact_report',1,1,1,1,NULL),(5122,'D-dimer','Citrate-Blood-BI','{\"type\":\"number\",\"help\":\"microgram/L , &lt;500 , (ECIA)\",\"interval_h\":\"500\",\"equipment\":\"D\"}','','','','','','',1,1,1,1,NULL),(5123,'Cardiac Troponin I (cTnI)','Plain-Blood-BI','{\"type\":\"number\",\"help\":\"<span style=\\\"color: red;\\\">ng/L</span><br>Male: 8.8-23.7<br>Female: 4.4-21.4<br><i>(high sensitivity, ECIA)</i> <br> <a href=\\\"https://www.ahajournals.org/doi/full/10.1161/CIRCULATIONAHA.122.059678\\\">Guideline</a>\",\"interval_h\":\"23.7\",\"equipment\":\"I\"}','','Cardiac profile','','','','',1,1,1,1,NULL),(5124,'Interleukin-6','EDTA-Blood-BI','{\"help\":\"pg/mL\\n  &lt;7.0 \\n (upconverting phosphor immunoassay)\",\"interval_h\":\"7\",\"equipment\":\"6\"}','','','','','','',1,1,1,1,NULL),(5125,'NT-ProBNP','Plain-Blood-BI','{\"help\":\"pg/ml (ECIA)\\n===Heart Failure Unlikely===\\n # Any age, &lt;300\\n====Heart Failure Likely====\\n # 20-50 Y, >450 \\n # 50-75 Y, >900\\n # >75Y, >1800\",\"interval_h\":\"300\",\"equipment\":\"I\"}','','Refernce','','','','',1,1,1,1,NULL),(5126,'Request Form','None','{\"type\":\"blob\"}','','','','','','',1,1,1,1,NULL),(5127,'Free T4','Plain-Blood-BI','{\"type\":\"number\",\"help\": \"pmol/L \\n 10.0-28.2 \\n(ECIA)\",\"interval_l\":\"10.0\",\"interval_h\":\"28.2\",\"equipment\":\"I\"}','','Refernce','','','','',1,1,1,1,NULL),(5128,'Free T3','Plain-Blood-BI','{\"type\":\"number\",\"help\": \"pmol/L \\n 4.26-8.10 \\n(ECIA)\",\"interval_l\":\"4.26\",\"interval_h\":\"8.10\",\"equipment\":\"I\"}','','Refernce','','','','',1,1,1,1,NULL),(5129,'prolactin','Plain-Blood-BI','{\"type\":\"number\",\"help\": \"ng/mL \\n Normal Nonpregnant Female: 3.0-18.6 \\n Male:3.7-17.9 \\n(ECIA)\",\"interval_h\":\"18.6\",\"equipment\":\"I\"}','','','','','','',1,1,1,1,NULL),(5130,'FSH','Plain-Blood-BI','{\"help\":\"IU/L (Method: ECIA)<h5>FSH Reference Ranges</h5> <table border=\\\"1\\\"> <tr><td>Subject</td><td>Condition</td><td>Reference Interval </td></tr> <tr><td>female</td><td>follicular phase</td><td>1.98-11.6</td></tr> <tr><td>female</td><td>midcycle peak</td><td>5.14-23.4 </td></tr> <tr><td>female</td><td>lueal phase</td><td>1.38-9.58 </td></tr> <tr><td>female</td><td>post menopausal</td><td>more than 21.5- 131</td></tr> <tr><td>male</td><td>-</td><td>1.555-9.74</td></tr> </table>\"}','','Immuno','','','','horizontal2',1,1,1,1,NULL),(5131,'LH','Plain-Blood-BI','{\"type\":\"number\",\"help\": \"IU/L \\n # normal female follicular phase => 2.58-12.1 \\n # norma female midcycle peak=>27.3-96.9 \\n # normal female lueal phase => 0.833-15.5 \\n # post menopausal female => 13.1- 86.5 \\n(ECIA)\", \"equipment\":\"I\"}','','Immuno','','','','',1,1,1,1,NULL),(5132,'Magnesium','Plain-Blood-BI','{\"type\":\"number\",\"help\":\" mg/dL 1.7-2.7 (Xylidyl blue)\",\"step\":\"0.1\",\"interval_h\":\"2.7\",\"interval_l\":\"1.7\",\"equipment\":\"C\"}','','CPATM','','','','',1,1,1,1,NULL),(5133,'B-hCG','Plain-Blood-BI','{\"type\":\"number\",\"help\":\"IU/L,\\n&lt;=25, \\n(ECIA)\",\"interval_h\":\"25\",\"equipment\":\"I\"}','','Immuno','','','','',1,1,1,1,NULL),(5134,'Urine osmolality','Plain-Urine-BI','{\"type\":\"number\",\"help\":\" mmol/L&lt;1200 (Calculated)\",\"calculate\":\"E/6+E/18+2*E+2*E+E/11.312\",\"ex_list\":\"5135,5136,5048,5049,5052\",\"equipment\":\"C\"}','','','','','','',1,1,1,1,NULL),(5135,'Urea','Plain-Urine-BI','{\"type\":\"number\",\"help\":\" mg/dl(urease GLDH)\",\"equipment\":\"C\"}','','','','','','',1,1,1,1,NULL),(5136,'Glucose','Plain-Urine-BI','{\"type\":\"number\",\"help\":\" mg/dl(GOD-POD endpoint)\",\"equipment\":\"C\"}','','','','','','',1,1,1,1,NULL),(5137,'Creatinine','Plain-Urine-BI','{\"type\":\"number\",\"help\":\" mg/dL N/A (Jaffe two point)\",\"step\":\"0.1\",\"equipment\":\"C\"}','','','','','','',1,1,1,1,NULL),(5138,'HCL wash','Plain-Blood-BI','{\"hide\":\"yes\"}','','','','','','',1,1,1,1,NULL),(5139,'Adenosine Deaminase','Plain-Other-BI','{\"type\":\"number\",\"help\":\"U/mL N/A (Berthelot)\"}','','Fluid/others','','','','',1,1,1,1,NULL),(5140,'Testosterone','Plain-Blood-BI','{\"type\":\"number\",\"help\": \"nmol/L \\n #  Normal male(20-49 years) : 4.56-28.2 \\n # Normal males(>50 years): 2.49-21.6 \\n #  Females with normal  menstrual  cycles : 0.198-2.67  \\n(ECIA)\", \"equipment\":\"I\"}','','','','','','',1,1,1,1,NULL),(5141,'Total 25-OH Vit-D','Plain-Blood-BI','{\"type\":\"number\",\"help\":\"nmol/L\\n Deficient: &lt;50\\n Insufficient: 50-&lt;75\\n Sufficient: 75-250 \\n potential toxicity: >250\\n(ECIA) \\n Multiply The Value with 0.4 to Covert it from nmol/L into ng/ml \",\"interval_l\":\"75\",\"interval_h\":\"250\",\"equipment\":\"I\"}','','Refernce','','','','',1,1,1,1,NULL),(5142,'Vitamin B12','Plain-Blood-BI','{\"type\":\"number\",\"help\":\"pmol/L 176-687  \\n(ECIA)\",\"interval_h\":\"687\",\"interval_l\":\"176\",\"equipment\":\"I\"}','','Refernce','','','','',1,1,1,1,NULL),(5143,'pH','Heparinised Arterial-Blood-BI','{\"type\":\"number\",\"help\":\"7.35-7.45 (Direct ISE)\",\"interval_l\":\"7.35\",\"interval_h\":\"7.45\",\"cinterval_l\":\"7.20\",\"cinterval_h\":\"7.60\",\"ainterval_h\":\"7.8\",\"ainterval_l\":\"6.9\",\"equipment\":\"A\"}','','','','','','',1,1,1,1,NULL),(5144,'PCO2','Heparinised Arterial-Blood-BI','{\"type\":\"number\",\"help\":\"mmHg 32-48 (Direct ISE)\",\"interval_l\":\"32\",\"interval_h\":\"48\",\"cinterval_l\":\"20\",\"cinterval_h\":\"70\",\"equipment\":\"A\"}','','','','','','',1,1,1,1,NULL),(5145,'PO2','Heparinised Arterial-Blood-BI','{\"type\":\"number\",\"help\":\"mmHg 83-108 (Direct ISE)\",\"interval_l\":\"83\",\"interval_h\":\"108\",\"cinterval_l\":\"40\",\"cinterval_h\":\"250\",\"ainterval_h\":\"500\",\"ainterval_l\":\"20\",\"equipment\":\"A\"}','','','','','','',1,1,1,1,NULL),(5146,'Hematocrit','Heparinised Arterial-Blood-BI','{\"type\":\"number\",\"help\":\"% (Calculated)\\n Male 20-60\\n Female 30-60\",\"interval_l\":\"20\",\"interval_h\":\"60\",\"equipment\":\"A\"}','','','','','','',1,1,1,1,NULL),(5147,'ct Hct','Heparinised Arterial-Blood-BI','','','','','','','',1,1,1,1,NULL),(5148,'Na+','Heparinised Arterial-Blood-BI','{\"type\":\"number\",\"help\":\"mmol/L 136-145 (Direct ISE)\",\"interval_l\":\"136\",\"interval_h\":\"145\",\"equipment\":\"A\"}','','','','','','',1,1,1,1,NULL),(5149,'K+','Heparinised Arterial-Blood-BI','{\"type\":\"number\",\"help\":\"mmol/L 3.5-5.1 (Direct ISE)\",\"interval_l\":\"3.5\",\"interval_h\":\"5.1\",\"equipment\":\"A\"}','','','','','','',1,1,1,1,NULL),(5150,'Ionized Calcium(Ca2+)','Heparinised Arterial-Blood-BI','{\"type\":\"number\",\"help\":\"mmol/L 1.15-1.30 (Direct ISE)\",\"interval_l\":\"1.15\",\"interval_h\":\"1.30\",\"equipment\":\"A\"}','','','','','','',1,1,1,1,NULL),(5151,'Cl-','Heparinised Arterial-Blood-BI','{\"type\":\"number\",\"help\":\"mmol/L 101-110 (Direct ISE)\",\"interval_l\":\"101\",\"interval_h\":\"110\",\"equipment\":\"A\"}','','','','','','',1,1,1,1,NULL),(5152,' Base(B)','Heparinised Arterial-Blood-BI','{\"type\":\"number\",\"help\":\"mmol/L -3.0-3.0 (Calculated)\",\"interval_l\":\"-3.0\",\"interval_h\":\"3.0\",\"equipment\":\"A\"}','','','','','','',1,1,1,1,NULL),(5153,'Anion Gap','Heparinised Arterial-Blood-BI','','','','','','','',1,1,1,1,NULL),(5154,'HCO3 ','Heparinised Arterial-Blood-BI','{\"type\":\"number\",\"help\":\"mmol/L 22.0-28.0 (Calculated)\",\"interval_l\":\"22.0\",\"interval_h\":\"28.0\",\"equipment\":\"A\"}','','','','','','',1,1,1,1,NULL),(5155,'cHCO3-(P,st)c','Heparinised Arterial-Blood-BI','','','','','','','',1,1,1,1,NULL),(5156,'sO2','Heparinised Arterial-Blood-BI','{\"type\":\"number\",\"help\":\"mmol/L 95.0-99.0 (Calculated)\",\"interval_l\":\"95.0\",\"interval_h\":\"99.0\",\"equipment\":\"A\"}','','','','','','',1,1,1,1,NULL),(5157,'Bilirubin Reference range','Plain-Blood-BI','{\"zoom\":\"zoom\"}','','','','','','',1,1,1,1,NULL),(5158,'Glucose','Heparinised Arterial-Blood-BI','','','','','','','',1,1,1,1,NULL),(5159,'Lactate','Heparinised Arterial-Blood-BI','{\"type\":\"number\",\"help\":\"mmol/L\\n &lt;1.39 at Bed Rest\\n (Direct ISE)\",\"interval_h\":\"1.3\"}','','','','','','',1,1,1,1,NULL),(5160,'tHb','Heparinised Arterial-Blood-BI','','','','','','','',1,1,1,1,NULL),(5161,'FO2Hb','Heparinised Arterial-Blood-BI','','','','','','','',1,1,1,1,NULL),(5162,'FCOHb','Heparinised Arterial-Blood-BI','','','','','','','',1,1,1,1,NULL),(5163,'FMetHb','Heparinised Arterial-Blood-BI','','','','','','','',1,1,1,1,NULL),(5164,'FHHb','Heparinised Arterial-Blood-BI','','','','','','','',1,1,1,1,NULL),(5165,'HCO3-std','Heparinised Arterial-Blood-BI','','','','','','','',1,1,1,1,NULL),(5166,'ctCO2','Heparinised Arterial-Blood-BI','','','','','','','',1,1,1,1,NULL),(5167,'mOSm','Heparinised Arterial-Blood-BI','','','','','','','',1,1,1,1,NULL),(5168,'BO2','Heparinised Arterial-Blood-BI','','','','','','','',1,1,1,1,NULL),(5169,'ct O2(a)','Heparinised Arterial-Blood-BI','','','','','','','',1,1,1,1,NULL),(5170,'Albumin','Plain-Blood-BI','{\"type\":\"number\",\"help\":\" g/dL &lt;3.5-5.2 (BCG)\",\"step\":\"0.1\",\"cinterval_l\":\"1\",\"interval_h\":\"5.2\",\"interval_l\":\"3.5\",\"ainterval_h\":\"10\",\"ainterval_l\":\"0.5\",\"equipment\":\"C\"}','','','','','','',1,1,1,1,NULL),(5171,'Anti-SARS-CoV-2 IgG','Plain-Blood-BI','{\"type\":\"number\",\"help\":\"Test/Cutoff Ratio \\n &lt;1   = Non reactive\\n >1   = Reactive \\n(ECIA)\",\"equipment\":\"I\"}','','','','','','',1,1,1,1,NULL),(5172,'Sodium','Plain-Urine-BI','{\"type\":\"number\",\"help\":\" mmol/L N/A(Direct ISE)\",\"equipment\":\"C\"}','','','','','','',1,1,1,1,NULL),(5173,'Potassium','Plain-Urine-BI','{\"type\":\"number\",\"help\":\" mmol/L N/A(Direct ISE)\",\"step\":\"0.1\",\"equipment\":\"C\"}','','','','','','',1,1,1,1,NULL),(5174,'HbA1c','EDTA-Blood-BI','{\"type\":\"number\",\"help\":\" % \\n &lt; 5.7 =normal \\n 5.7-6.4 =prediabetes \\n >6.4 =diabetes \\n (HPLC)\",\"step\":\"0.1\",\"interval_h\":\"6.5\",\"equipment\":\"H\",\"accreditation\":\"yes\"}','','Refernce/HbA1c','Diabetes Mellitus','','10','',1,1,1,1,NULL),(5175,'SARS-CoV-2 Ag','Plain-Swab-BI','{\"type\":\"number\",\"help\":\"Test/Cutoff Ratio \\n &lt;1   = Non reactive\\n >1   = Reactive \\n(ECIA)\",\"equipment\":\"I\"}','','','','','','',1,1,1,1,NULL),(5176,'SARS-CoV-2 RT-PCR-E','Plain-Swab-BI','{\"type\":\"number\",\"help\":\"Test/Cutoff Ratio \\n &lt;1   = Non reactive\\n >1   = Reactive \\n(ECIA)\",\"equipment\":\"I\"}','','','','','','',1,1,1,1,NULL),(5177,'SARS-CoV-2 RT-PCR-N','Plain-Swab-BI','{\"type\":\"number\",\"help\":\"Test/Cutoff Ratio \\n &lt;1   = Non reactive\\n >1   = Reactive \\n(ECIA)\",\"equipment\":\"I\"}','','','','','','',1,1,1,1,NULL),(5178,'HbA1c Chromatogram','EDTA-Blood-BI','{\"type\":\"blob\",\"img\":\"png\",\"width\":\"400\",\"height\":\"400\"}','','Refernce/HbA1c','Diabetes Mellitus','','30','',1,1,1,1,NULL),(5179,'HbF','EDTA-Blood-BI','{\"equipment\":\"H\"}','','Refernce/HbA1c','Diabetes Mellitus','','20','',1,1,1,1,NULL),(5180,'Rapid SARS-CoV-2 Ag card test','Plain-Swab-BI','{\"type\":\"select\",\"option\":\", Positive , Negative\"}','','','','','','',1,1,1,1,NULL),(5181,'Albumin','Plain-Peritoneal Fluid-BI','{\"type\":\"number\",\"help\":\" g/dL N/A (BCG)\",\"step\":\"0.1\",\"equipment\":\"C\"}','','','','','','',1,1,1,1,NULL),(5182,'Micro albumin','Plain-Urine-BI','{\"type\":\"number\",\"help\":\"mg/L (Turbilatex)\",\"method\":\"Turbilatex\",\"equipment\":\"C\"}','','','','','','',1,1,1,1,NULL),(5183,'ACR (Albumin-creatinine ratio)','Plain-Urine-BI','{\"type\":\"number\",\"calculate\":\"(E*100)/e\", \"ex_list\":\"5182,5137\", \"step\":\"0.1\",\"decimal\":\"1\",\"help\":\"(Calculated)(mg/gm) \\n Normal&lt;30 \\n Microalbuminuria 30-300 \\n Macroalbuminuria >300\",\"method\":\"Turbilatex\",\"interval_h\":\"30\",\"equipment\":\"C\"}','','','','','','',1,1,1,1,NULL),(5184,'pH','Heparinised Venous-Blood-BI','{\"type\":\"number\",\"help\":\"7.30-7.43 (Direct ISE)\",\"interval_l\":\"7.30\",\"interval_h\":\"7.43\",\"equipment\":\"A\"}','','','','','','',1,1,1,1,NULL),(5185,'PCO2','Heparinised Venous-Blood-BI','{\"type\":\"number\",\"help\":\"mmHg 38-58 (Direct ISE)\",\"interval_l\":\"38\",\"interval_h\":\"58\",\"equipment\":\"A\"}','','','','','','',1,1,1,1,NULL),(5186,'PO2','Heparinised Venous-Blood-BI','{\"type\":\"number\",\"help\":\"mmHg 19-65 (Direct ISE)\",\"interval_l\":\"19\",\"interval_h\":\"65\",\"equipment\":\"A\"}','','','','','','',1,1,1,1,NULL),(5187,'HCO3 ','Heparinised Venous-Blood-BI','{\"type\":\"number\",\"help\":\"mmol/L 22.0-30.0 (Calculated)\",\"interval_l\":\"22.0\",\"interval_h\":\"30.0\",\"equipment\":\"A\"}','','','','','','',1,1,1,1,NULL),(5188,'Na+','Heparinised Venous-Blood-BI','{\"type\":\"number\",\"help\":\"mmol/L 136-145 (Direct ISE)\",\"interval_l\":\"136\",\"interval_h\":\"145\",\"equipment\":\"V\"}','','','','','','',1,1,1,1,NULL),(5189,'K+','Heparinised Venous-Blood-BI','{\"type\":\"number\",\"help\":\"mmol/L 3.5-5.1 (Direct ISE)\",\"interval_l\":\"3.5\",\"interval_h\":\"5.1\",\"equipment\":\"V\"}','','','','','','',1,1,1,1,NULL),(5190,'Lactate','Heparinised Venous-Blood-BI','{\"type\":\"number\",\"help\":\"mmol/L\\n &lt;2.2 at Bed Rest\\n (Direct ISE)\",\"interval_h\":\"2.2\"}','','','','','','',1,1,1,1,NULL),(5191,'TAT_remark','None','','','','','','','',1,1,1,1,NULL),(5195,'Total bilirubin','Heparinised Arterial-Blood-BI','{\"type\":\"number\",\"help\":\"mg/dl &lt;1.3 (photometry)\",\"equipment\":\"A\"}','','','','','','',1,1,1,1,NULL),(7001,'Cyto No','Plain-FNA-CY','','','','FNAC/Sample Parameters','50','','horizontal2',1,1,1,1,NULL),(7002,'Brief Clinical History / Diagnosis','Plain-FNA-CY','','','','FNAC/Sample Parameters','','','horizontal1',1,1,1,1,NULL),(7003,'Site of Aspiration','Plain-FNA-CY','','','','FNAC/Sample Parameters','','','horizontal2',1,1,1,1,NULL),(7004,'On Examination','Plain-FNA-CY','','','','FNAC/Sample Parameters','','','horizontal2',1,1,1,1,NULL),(7005,'Aspiration Done By','Plain-FNA-CY','','','','FNAC/Sample Parameters','','','horizontal2',1,1,1,1,NULL),(7006,'Gross Nature of Aspirate','Plain-FNA-CY','','','','FNAC/Sample Parameters','','','horizontal2',1,1,1,1,NULL),(7007,'Radiological Findings','Plain-FNA-CY','','','','FNAC/Sample Parameters','','','horizontal2',1,1,1,1,NULL),(7008,'Stain','Plain-FNA-CY','','','','FNAC','','','horizontal2',1,1,1,1,NULL),(7009,'Cellularity','Plain-FNA-CY','','','','FNAC','10','','horizontal2',1,1,1,1,NULL),(7010,'Findings','Plain-FNA-CY','','','','FNAC','','','horizontal1',1,1,1,1,NULL),(7011,'Conclusion','Plain-FNA-CY','','','','FNAC','','','horizontal1',1,1,1,1,NULL),(7012,'Reported by','Plain-FNA-CY','','','','FNAC','','','horizontal2',1,1,1,1,NULL),(9000,'QC Equipment','None','{\"type\":\"select\",\"option\":\",XL_640,XL_1000,VITROS3600,HPLC_723GX,Erba Chem 5 Plus semiauto(060379) 2 \"}','','','','','','',1,1,1,1,NULL),(9001,'Creatinine','QC-QC-BI','','','','','','','',1,1,1,1,NULL),(9002,'Urea','QC-QC-BI','','','','','','','',1,1,1,1,NULL),(9006,'ALT','QC-QC-BI','','','','','','','',1,1,1,1,NULL),(9007,'Alkaline Phosphatase','QC-QC-BI','','','','','','','',1,1,1,1,NULL),(9008,'Amylase','QC-QC-BI','','','','','','','',1,1,1,1,NULL),(9009,'Total Billirubin','QC-QC-BI','','','','','','','',1,1,1,1,NULL),(9010,'Direct Billirubin','QC-QC-BI','','','','','','','',1,1,1,1,NULL),(9011,'Albumin','QC-QC-BI','','','','','','','',1,1,1,1,NULL),(9012,'Total Protein','QC-QC-BI','','','','','','','',1,1,1,1,NULL),(9013,'Aspartate transaminase','QC-QC-BI','','','','','','','',1,1,1,1,NULL),(9014,'Calcium','QC-QC-BI','','','','','','','',1,1,1,1,NULL),(9015,'Total Cholesterol','QC-QC-BI','','','','','','','',1,1,1,1,NULL),(9016,'HDL Cholesterol','QC-QC-BI','','','','','','','',1,1,1,1,NULL),(9018,'Triglyceride','QC-QC-BI','','','','','','','',1,1,1,1,NULL),(9019,'Sodium','QC-QC-BI','','','','','','','',1,1,1,1,NULL),(9020,'Potassium','QC-QC-BI','','','','','','','',1,1,1,1,NULL),(9021,'Iron','QC-QC-BI','','','','','','','',1,1,1,1,NULL),(9023,'UIBC','QC-QC-BI','','','','','','','',1,1,1,1,NULL),(9025,'Lactate Dehydrogenase','QC-QC-BI','','','','','','','',1,1,1,1,NULL),(9026,'Lipase','QC-QC-BI','','','','','','','',1,1,1,1,NULL),(9027,'Uric Acid','QC-QC-BI','','','','','','','',1,1,1,1,NULL),(9031,'Glucose','QC-QC-BI','','','','','','','',1,1,1,1,NULL),(9051,'Phosphorus','QC-QC-BI','','','','','','','',1,1,1,1,NULL),(9081,'Micro Protein','QC-QC-BI','','','','','','','',1,1,1,1,NULL),(9092,'CK','QC-QC-BI','','','','','','','',1,1,1,1,NULL),(9093,'CK-MB','QC-QC-BI','','','','','','','',1,1,1,1,NULL),(9113,'Cholinesterase','QC-QC-BI','','','','','','','',1,1,1,1,NULL),(9114,'HCL wash','QC-QC-BI','{\"hide\":\"yes\"}','','','','','','',1,1,1,1,NULL),(9201,'Ferritin','QC-QC-BI','','','ANEMIA/I+U+T+F','','','','',1,1,1,1,NULL),(9202,'CRP','QC-QC-BI','','','','','','','',1,1,1,1,NULL),(9203,'TSH','QC-QC-BI','','','','','','','',1,1,1,1,NULL),(9204,'D-dimer','QC-QC-BI','','','','','','','',1,1,1,1,NULL),(9205,'PCT','QC-QC-BI','','','','','','','',1,1,1,1,NULL),(9206,'Total T4','QC-QC-BI','','','','','','','',1,1,1,1,NULL),(9207,'Cardiac Troponin I(cTnI)','QC-QC-BI','','','','','','','',1,1,1,1,NULL),(9208,'Interlukin-6','QC-QC-BI','','','','','','','',1,1,1,1,NULL),(9209,'NT-ProBNP','QC-QC-BI','','','','','','','',1,1,1,1,NULL),(9210,'Magnesium','QC-QC-BI','','','','','','','',1,1,1,1,NULL),(9211,'FSH','QC-QC-BI','','','','','','','',1,1,1,1,NULL),(9212,'LH','QC-QC-BI','','','','','','','',1,1,1,1,NULL),(9213,'Free T3','QC-QC-BI','','','','','','','',1,1,1,1,NULL),(9214,'Free T4','QC-QC-BI','','','','','','','',1,1,1,1,NULL),(9215,'prolactin','QC-QC-BI','','','','','','','',1,1,1,1,NULL),(9216,'B-hCG','QC-QC-BI','','','','','','','',1,1,1,1,NULL),(9217,'Lipase','QC-QC-BI','','','','','','','',1,1,1,1,NULL),(9218,'ADA','QC-QC-BI','','','','','','','',1,1,1,1,NULL),(9219,'VitaminB12','QC-QC-BI','','','','','','','',1,1,1,1,NULL),(9220,'Total-25-OH-Vitamin-D','QC-QC-BI','','','','','','','',1,1,1,1,NULL),(9221,'DDIMER','QC-QC-BI','','','','','','','',1,1,1,1,NULL),(9222,'HbA1c','QC-QC-BI','','','','Diabetes Mellitus','','','',1,1,1,1,NULL),(9223,'HbA1c Chromatogram','QC-QC-BI','{\"type\":\"blob\",\"img\":\"png\"}','','','Diabetes Mellitus','','','',1,1,1,1,NULL),(9224,'HbF','QC-QC-BI','','','','Diabetes Mellitus','','','',1,1,1,1,NULL),(9225,'Micro albumin','QC-QC-BI','','','','','','','',1,1,1,1,NULL),(10001,'sample_request','None','{\"type\":\"datetime-local\"}','','','Sample status','','','compact_report',1,1,1,1,NULL),(10002,'sample_collection','None','{\"type\":\"datetime-local\",\"print_in_header\":\"yes\"}','','','Sample status','','','compact_report',1,1,1,1,NULL),(10003,'sample_receipt','None','{\"type\":\"datetime-local\"}','','','Sample status','','','compact_report',1,1,1,1,NULL),(10004,'sample_processing','None','{\"type\":\"datetime-local\",\"hide\":\"yes\"}','','','Sample status','','','compact_report',1,1,1,1,NULL),(10005,'sample_receipt_kidney','None','{\"type\":\"datetime-local\",\"hide\":\"yes\"}','','','Sample status','','','compact_report',1,1,1,1,NULL),(10006,'sample_analysis','None','{\"type\":\"datetime-local\",\"hide\":\"yes\"}','','','Sample status','','','compact_report',1,1,1,1,NULL),(10007,'sample_verification','None','{\"type\":\"datetime-local\",\"hide\":\"yes\"}','','','Sample status','','','compact_report',1,1,1,1,1),(10008,'sample_release','None','{\"type\":\"datetime-local\",\"print_in_header\":\"yes\"}','','','Sample status','','','compact_report',3,3,3,3,1),(10010,'sample_interim_release','None','{\"type\":\"datetime-local\",\"print_in_header\":\"yes\"}','','','Sample status','','','compact_report',3,3,3,3,1),(10011,'.','None','{\"type\":\"blob\",\"img\":\"png\",\"width\":\"50\",\"height\":\"60\"}','','','Laboratory Information','','','only_result',3,3,3,3,NULL),(10012,'Laboratory','None','{}','','','Laboratory Information','','','compact_result',3,3,3,3,NULL);
/*!40000 ALTER TABLE `examination` ENABLE KEYS */;
UNLOCK TABLES;

--
-- Table structure for table `host_code`
--

DROP TABLE IF EXISTS `host_code`;
/*!40101 SET @saved_cs_client     = @@character_set_client */;
/*!40101 SET character_set_client = utf8 */;
CREATE TABLE `host_code` (
  `examination_id` int(11) NOT NULL,
  `equipment` enum('XL_640','XL_1000','VITROS3600','RP500','TOSOH') NOT NULL,
  `code` varchar(10) NOT NULL,
  PRIMARY KEY (`equipment`,`examination_id`),
  KEY `examination_id` (`examination_id`),
  CONSTRAINT `host_code_ibfk_2` FOREIGN KEY (`examination_id`) REFERENCES `examination` (`examination_id`)
) ENGINE=InnoDB DEFAULT CHARSET=latin1 COLLATE=latin1_swedish_ci;
/*!40101 SET character_set_client = @saved_cs_client */;

--
-- Dumping data for table `host_code`
--

LOCK TABLES `host_code` WRITE;
/*!40000 ALTER TABLE `host_code` DISABLE KEYS */;
INSERT INTO `host_code` VALUES (5001,'XL_640','CR'),(5002,'XL_640','UREA'),(5006,'XL_640','ALT'),(5007,'XL_640','ALP'),(5008,'XL_640','AMY'),(5009,'XL_640','TBIL'),(5010,'XL_640','DBIL'),(5011,'XL_640','ALB'),(5012,'XL_640','TP'),(5013,'XL_640','AST'),(5014,'XL_640','CAL'),(5015,'XL_640','CHO'),(5016,'XL_640','CHOH'),(5017,'XL_640','CHOL'),(5018,'XL_640','TG'),(5019,'XL_640','Na'),(5020,'XL_640','K'),(5021,'XL_640','IRON'),(5022,'XL_640','TIBC'),(5023,'XL_640','UIBC'),(5024,'XL_640','IBIL'),(5025,'XL_640','LDH'),(5026,'XL_640','LIP'),(5027,'XL_640','UA'),(5028,'XL_640','CHOV'),(5029,'XL_640','GLC'),(5030,'XL_640','MPR'),(5031,'XL_640','GLC'),(5032,'XL_640','ADA'),(5033,'XL_640','ADA'),(5034,'XL_640','ADA'),(5035,'XL_640','GLC'),(5036,'XL_640','GLC'),(5037,'XL_640','TP'),(5038,'XL_640','TP'),(5039,'XL_640','LIP'),(5040,'XL_640','AMY'),(5041,'XL_640','LDH'),(5042,'XL_640','CHO'),(5043,'XL_640','TG'),(5044,'XL_640','AMY'),(5045,'XL_640','LIP'),(5046,'XL_640','LDH'),(5047,'XL_640','LDH'),(5048,'XL_640','Na'),(5049,'XL_640','K'),(5050,'XL_640','CAL'),(5051,'XL_640','PHO'),(5052,'XL_640','CR'),(5053,'XL_640','TP'),(5054,'XL_640','KTO'),(5055,'XL_640','UA'),(5080,'XL_640','TP'),(5081,'XL_640','MPR'),(5082,'XL_640','MPR'),(5083,'XL_640','Na'),(5084,'XL_640','CAL'),(5085,'XL_640','MPR'),(5092,'XL_640','CK'),(5093,'XL_640','CKMB'),(5100,'XL_640','PHO'),(5105,'XL_640','LDH'),(5106,'XL_640','AMY'),(5107,'XL_640','LIP'),(5108,'XL_640','GLC'),(5109,'XL_640','CHO'),(5110,'XL_640','TG'),(5111,'XL_640','MPR'),(5112,'XL_640','TP'),(5113,'XL_640','CHE'),(5121,'XL_640','CRPPP'),(5122,'XL_640','DIMER'),(5132,'XL_640','MGGG'),(5135,'XL_640','UREA'),(5136,'XL_640','GLC'),(5137,'XL_640','CR'),(5138,'XL_640','HCL'),(9001,'XL_640','CR'),(9002,'XL_640','UREA'),(9006,'XL_640','ALT'),(9007,'XL_640','ALP'),(9008,'XL_640','AMY'),(9009,'XL_640','TBIL'),(9010,'XL_640','DBIL'),(9011,'XL_640','ALB'),(9012,'XL_640','TP'),(9013,'XL_640','AST'),(9014,'XL_640','CAL'),(9015,'XL_640','CHO'),(9016,'XL_640','CHOH'),(9018,'XL_640','TG'),(9019,'XL_640','Na'),(9020,'XL_640','K'),(9021,'XL_640','IRON'),(9023,'XL_640','UIBC'),(9025,'XL_640','LDH'),(9027,'XL_640','UA'),(9031,'XL_640','GLC'),(9051,'XL_640','PHO'),(9081,'XL_640','MPR'),(9092,'XL_640','CK'),(9093,'XL_640','CKMB'),(9113,'XL_640','CHE'),(9114,'XL_640','HCL'),(9202,'XL_640','CRPPP'),(9204,'XL_640','DIMER'),(9210,'XL_640','MGGG'),(9217,'XL_640','LIP'),(5001,'XL_1000','CRR'),(5002,'XL_1000','UREE'),(5006,'XL_1000','ALTT'),(5007,'XL_1000','ALPP'),(5008,'XL_1000','AMYY'),(5009,'XL_1000','TBILL'),(5010,'XL_1000','DBILL'),(5011,'XL_1000','ALBB'),(5012,'XL_1000','TPP'),(5013,'XL_1000','ASTT'),(5014,'XL_1000','CALL'),(5015,'XL_1000','CHOO'),(5016,'XL_1000',''),(5018,'XL_1000','TGG'),(5019,'XL_1000','Naa'),(5020,'XL_1000','Kk'),(5021,'XL_1000','IRONN'),(5023,'XL_1000','UIBCC'),(5025,'XL_1000','LDHH'),(5026,'XL_1000','LIPP'),(5027,'XL_1000','UAA'),(5029,'XL_1000','GLCC'),(5030,'XL_1000','MPRR'),(5031,'XL_1000','GLCC'),(5032,'XL_1000','ADAA'),(5033,'XL_1000','ADAA'),(5034,'XL_1000','ADAA'),(5035,'XL_1000','GLCC'),(5036,'XL_1000','GLCC'),(5037,'XL_1000','TPP'),(5038,'XL_1000','TPP'),(5039,'XL_1000','LIPP'),(5040,'XL_1000','AMYY'),(5041,'XL_1000','LDHH'),(5042,'XL_1000','CHOO'),(5043,'XL_1000','TGG'),(5044,'XL_1000','AMYY'),(5045,'XL_1000','LIPP'),(5046,'XL_1000','LDHH'),(5047,'XL_1000','LDHH'),(5048,'XL_1000','Naa'),(5049,'XL_1000','Kk'),(5050,'XL_1000','CALL'),(5051,'XL_1000','PHOO'),(5052,'XL_1000','CRR'),(5053,'XL_1000','TPP'),(5054,'XL_1000','KTOO'),(5055,'XL_1000','UAA'),(5080,'XL_1000','TPP'),(5081,'XL_1000','MPRR'),(5082,'XL_1000','MPRR'),(5083,'XL_1000','Naa'),(5084,'XL_1000','CALL'),(5085,'XL_1000','MPRR'),(5092,'XL_1000','CKK'),(5093,'XL_1000','CKMBB'),(5100,'XL_1000','PHOO'),(5105,'XL_1000','LDHH'),(5106,'XL_1000','AMYY'),(5107,'XL_1000','LIPP'),(5108,'XL_1000','GLCC'),(5109,'XL_1000','CHOO'),(5110,'XL_1000','TGG'),(5111,'XL_1000','MPRR'),(5112,'XL_1000','TPP'),(5113,'XL_1000','CHEE'),(5114,'XL_1000','HCLL'),(5121,'XL_1000','CRPP'),(5122,'XL_1000','DDMR'),(5132,'XL_1000','MGG'),(5137,'XL_1000','CRR'),(5138,'XL_1000','HCLL'),(5182,'XL_1000','UALBB'),(9001,'XL_1000','CRR'),(9002,'XL_1000','UREE'),(9006,'XL_1000','ALTT'),(9007,'XL_1000','ALPP'),(9008,'XL_1000','AMYY'),(9009,'XL_1000','TBILL'),(9010,'XL_1000','DBILL'),(9011,'XL_1000','ALBB'),(9012,'XL_1000','TPP'),(9013,'XL_1000','ASTT'),(9014,'XL_1000','CALL'),(9015,'XL_1000','CHOO'),(9016,'XL_1000',''),(9018,'XL_1000','TGG'),(9019,'XL_1000','Naa'),(9020,'XL_1000','Kk'),(9021,'XL_1000','IRONN'),(9023,'XL_1000',''),(9025,'XL_1000','LDHH'),(9027,'XL_1000','UAA'),(9031,'XL_1000','GLCC'),(9051,'XL_1000','PHOO'),(9081,'XL_1000','MPRR'),(9092,'XL_1000','CKK'),(9093,'XL_1000','CKMBB'),(9113,'XL_1000','CHEE'),(9114,'XL_1000','HCLL'),(9202,'XL_1000','CRPP'),(9204,'XL_1000','DDMR'),(9210,'XL_1000','MGG'),(9217,'XL_1000','LIPP'),(9221,'XL_1000','DDMR'),(5115,'VITROS3600','002'),(5117,'VITROS3600','001'),(5118,'VITROS3600','031'),(5120,'VITROS3600','086'),(5123,'VITROS3600','082'),(5125,'VITROS3600','052'),(5127,'VITROS3600','004'),(5128,'VITROS3600','005'),(5129,'VITROS3600','011'),(5130,'VITROS3600','010'),(5131,'VITROS3600','009'),(5133,'VITROS3600','013'),(5140,'VITROS3600','014'),(5141,'VITROS3600','074'),(5142,'VITROS3600','032'),(5171,'VITROS3600','087'),(5175,'VITROS3600','091'),(9201,'VITROS3600','031'),(9203,'VITROS3600','001'),(9205,'VITROS3600','086'),(9206,'VITROS3600','002'),(9207,'VITROS3600','082'),(9209,'VITROS3600','052'),(9211,'VITROS3600','010'),(9212,'VITROS3600','009'),(9213,'VITROS3600','005'),(9214,'VITROS3600','004'),(9215,'VITROS3600','011'),(9216,'VITROS3600','013'),(9219,'VITROS3600','032'),(9220,'VITROS3600','074'),(5143,'RP500','mpH'),(5144,'RP500','mPCO2'),(5145,'RP500','mPO2'),(5148,'RP500','mNa+'),(5149,'RP500','mK+'),(5154,'RP500','cHCO3act'),(5159,'RP500','mLactate'),(5174,'TOSOH','SA1C'),(5178,'TOSOH','chrom'),(5179,'TOSOH','F'),(9222,'TOSOH','SA1C'),(9223,'TOSOH','chrom'),(9224,'TOSOH','F');
/*!40000 ALTER TABLE `host_code` ENABLE KEYS */;
UNLOCK TABLES;

--
-- Table structure for table `labels`
--

DROP TABLE IF EXISTS `labels`;
/*!40101 SET @saved_cs_client     = @@character_set_client */;
/*!40101 SET character_set_client = utf8 */;
CREATE TABLE `labels` (
  `id` int(11) NOT NULL AUTO_INCREMENT,
  `examination_id` varchar(30) DEFAULT NULL,
  `caption` varchar(10) DEFAULT NULL,
  `barcode_format` varchar(50) DEFAULT NULL,
  `data` varchar(5000) NOT NULL,
  PRIMARY KEY (`id`)
) ENGINE=InnoDB AUTO_INCREMENT=13 DEFAULT CHARSET=utf8mb4 COLLATE=utf8mb4_general_ci;
/*!40101 SET character_set_client = @saved_cs_client */;

--
-- Dumping data for table `labels`
--

LOCK TABLES `labels` WRITE;
/*!40000 ALTER TABLE `labels` DISABLE KEYS */;
INSERT INTO `labels` VALUES (1,'1045','','C128','{\"1\":\"1045,h,b,05,05,30,10\",\"2\":\"1000,h,t,20,15,15,03\",\"3\":\"1045,h,t,05,15,15,03\",\"4\":\"sample_id,h,t,05,18,15,03\",\"5\":\"1002,h,t,20,18,15,03\",\"7\":\"1045,v,t,40,21,9,03\",\"8\":\"sample_id,v,t,43.5,21,9,03\",\"9\":\"1000,v,t,40,12,7.5,03\",\"10\":\"1002,v,t,43.5,12,7.5,03\"}'),(2,'1046','','C128','{\"1\":\"1046,h,b,05,05,30,10\",\"2\":\"1000,h,t,20,15,15,03\",\"3\":\"1046,h,t,05,15,15,03\",\"4\":\"sample_id,h,t,05,18,15,03\",\"5\":\"1002,h,t,20,18,15,03\",\"7\":\"1046,v,t,40,21,9,03\",\"8\":\"sample_id,v,t,43.5,21,9,03\",\"9\":\"1000,v,t,40,12,7.5,03\",\"10\":\"1002,v,t,43.5,12,7.5,03\"}'),(7,'1045','-Long','C128','{\"1\":\"1045,h,b,05,05,40,10\",\"2\":\"1000,h,t,20,15,15,03\",\"3\":\"1045,h,t,05,15,15,03\",\"4\":\"sample_id,h,t,05,18,15,03\",\"5\":\"1002,h,t,20,18,15,03\"}'),(8,'1047','','C128','{\"1\":\"1047,h,b,05,05,30,10\",\"2\":\"1000,h,t,20,15,15,03\",\"3\":\"1047,h,t,05,15,15,03\",\"4\":\"sample_id,h,t,05,18,15,03\",\"5\":\"1002,h,t,20,18,15,03\",\"7\":\"sample_id,v,t,40,21,7.5,03\",\"8\":\"1047,v,t,40,13,7.5,03\"}'),(9,'sample_id','','C128','{\"1\":\"sample_id,h,b,05,05,30,10\",\"2\":\"1000,h,t,20,15,15,03\",\"3\":\"1001,h,t,05,15,15,03\",\"4\":\"sample_id,h,t,05,18,15,03\",\"5\":\"1002,h,t,20,18,15,03\",\"7\":\"sample_id,v,t,40,21,9,03\",\"8\":\"sample_id,v,t,43.5,21,9,03\",\"9\":\"1000,v,t,40,12,7.5,03\",\"10\":\"1002,v,t,43.5,12,7.5,03\"}'),(10,'sample_id','-Long','C128','{\"1\":\"sample_id,h,b,05,05,40,10\",\"2\":\"1000,h,t,20,15,15,03\",\"3\":\"1001,h,t,05,15,15,03\",\"4\":\"sample_id,h,t,05,18,15,03\",\"5\":\"1002,h,t,20,18,15,03\"}'),(11,'1047','-Long','C128','{\"1\":\"1047,h,b,05,05,40,10\",\"2\":\"1000,h,t,20,15,15,03\",\"3\":\"1047,h,t,05,15,15,03\",\"4\":\"sample_id,h,t,05,18,15,03\",\"5\":\"1002,h,t,20,18,15,03\"}'),(12,'sample_id','-C39','C39','{\"1\":\"sample_id,h,b,05,05,40,10\",\"2\":\"1000,h,t,20,15,15,03\",\"3\":\"1001,h,t,05,15,15,03\",\"4\":\"sample_id,h,t,05,18,15,03\",\"5\":\"1002,h,t,20,18,15,03\"}');
/*!40000 ALTER TABLE `labels` ENABLE KEYS */;
UNLOCK TABLES;

--
-- Table structure for table `lis_to_vitros_sample_type`
--

DROP TABLE IF EXISTS `lis_to_vitros_sample_type`;
/*!40101 SET @saved_cs_client     = @@character_set_client */;
/*!40101 SET character_set_client = utf8 */;
CREATE TABLE `lis_to_vitros_sample_type` (
  `lis_sample_type` varchar(100) NOT NULL,
  `vitros_sample_type` varchar(10) NOT NULL,
  PRIMARY KEY (`lis_sample_type`)
) ENGINE=InnoDB DEFAULT CHARSET=utf8mb4 COLLATE=utf8mb4_general_ci;
/*!40101 SET character_set_client = @saved_cs_client */;

--
-- Dumping data for table `lis_to_vitros_sample_type`
--

LOCK TABLES `lis_to_vitros_sample_type` WRITE;
/*!40000 ALTER TABLE `lis_to_vitros_sample_type` DISABLE KEYS */;
/*!40000 ALTER TABLE `lis_to_vitros_sample_type` ENABLE KEYS */;
UNLOCK TABLES;

--
-- Table structure for table `menu_new`
--

DROP TABLE IF EXISTS `menu_new`;
/*!40101 SET @saved_cs_client     = @@character_set_client */;
/*!40101 SET character_set_client = utf8 */;
CREATE TABLE `menu_new` (
  `id` int(11) NOT NULL,
  `caption` varchar(100) NOT NULL,
  `ex_list` varchar(100) NOT NULL,
  `route` varchar(200) NOT NULL,
  PRIMARY KEY (`id`)
) ENGINE=InnoDB DEFAULT CHARSET=utf8mb4 COLLATE=utf8mb4_general_ci;
/*!40101 SET character_set_client = @saved_cs_client */;

--
-- Dumping data for table `menu_new`
--

LOCK TABLES `menu_new` WRITE;
/*!40000 ALTER TABLE `menu_new` DISABLE KEYS */;
INSERT INTO `menu_new` VALUES (1,'New Thyroid','1001,1002,1008,1004,1005,1006,1007,1041,1023,1045,1017,1018',''),(2,'New ABG','1001,1002,1008,1004,1005,1006,1007,5143,5144,5145,5148,5159,5150,5158,5195',''),(3,'Ward Request','1001,1002,1045,1047',''),(4,'Biochemistry','1001,1002,1008,1004,1005,1006,1007,1041,1023,1045,1017',''),(5,'OPD','1001,1002,1008,1004,1005,1006,1007,1041,1023,1045,1017',''),(6,'Example','1001,11001,11002,11003,11004,11005,11006,11007,11008,11009,11010',''),(10,'OPD Request','1001,1002,1008,1004,1005,1006,1007,1041,1023,1045,1046,10003',''),(11,'New (Basic)','',''),(12,'QC1_Request','1001,1048','');
/*!40000 ALTER TABLE `menu_new` ENABLE KEYS */;
UNLOCK TABLES;

--
-- Table structure for table `menu_view`
--

DROP TABLE IF EXISTS `menu_view`;
/*!40101 SET @saved_cs_client     = @@character_set_client */;
/*!40101 SET character_set_client = utf8 */;
CREATE TABLE `menu_view` (
  `id` int(11) NOT NULL,
  `caption` varchar(100) NOT NULL,
  `unique_id` varchar(200) NOT NULL,
  `additional_search_id` varchar(200) NOT NULL,
  `additional_range_search_id` varchar(200) NOT NULL,
  PRIMARY KEY (`id`)
) ENGINE=InnoDB DEFAULT CHARSET=utf8mb4 COLLATE=utf8mb4_general_ci;
/*!40101 SET character_set_client = @saved_cs_client */;

--
-- Dumping data for table `menu_view`
--

LOCK TABLES `menu_view` WRITE;
/*!40000 ALTER TABLE `menu_view` DISABLE KEYS */;
INSERT INTO `menu_view` VALUES (1,'Request','1045','1002,1004,1005,1006,1017','1045'),(2,'OPD','1046','1000,1001,1002,1004,1005,1006','1046'),(3,'Ward','1047','1002,1004,1005,1006,1017','10003,1047'),(4,'Sample ID','sample_id','1002,1004,1005,1006,1017','sample_id'),(5,'Ward-location','1047','1006,1017','1046'),(6,'QC1','1048','1001','1048');
/*!40000 ALTER TABLE `menu_view` ENABLE KEYS */;
UNLOCK TABLES;

--
-- Table structure for table `profile`
--

DROP TABLE IF EXISTS `profile`;
/*!40101 SET @saved_cs_client     = @@character_set_client */;
/*!40101 SET character_set_client = utf8 */;
CREATE TABLE `profile` (
  `profile_id` int(11) NOT NULL,
  `name` varchar(100) NOT NULL,
  `examination_id_list` varchar(500) NOT NULL,
  `extra` varchar(300) DEFAULT NULL,
  `edit_specification` varchar(500) NOT NULL,
  PRIMARY KEY (`profile_id`)
) ENGINE=InnoDB DEFAULT CHARSET=utf8mb4 COLLATE=utf8mb4_general_ci;
/*!40101 SET character_set_client = @saved_cs_client */;

--
-- Dumping data for table `profile`
--

LOCK TABLES `profile` WRITE;
/*!40000 ALTER TABLE `profile` DISABLE KEYS */;
INSERT INTO `profile` VALUES (1,'Patient_Identification','1001,1002,1008,1004,1005,1006,1007','1020,1021,1012,1024,1025,1039,1041','{\"header\":\"no\",\"print_style\":\"horizontal\",\"compact\":\"no\"}'),(2,'Sample Details','1000,1015,1016,1017,1018,1014,1026,1045','1019,1022,1023,5103,9000,5126,1027,1028,1029,1030,1031,1032,1033,1034,1035,1036,1037,1038,1040,1043,1044','{\"header\":\"no\",\"print_style\":\"horizontal\",\"compact\":\"no\"}'),(20,'Bone Marrow Examination Details','147,148','',''),(21,'Hemogram - Blood Counts and Indices','3,2,4,5,6,7,8,1,9','',''),(22,'Differential Leucocyte Count  with Premature Cells (Microscopy)','51,52,53,54,55,400,401,402,403,404','',''),(23,'Differential Leucocyte Count (Microscopy)','39,40,41,42,43,56','',''),(24,'Absolute Counts','48,49,50','',''),(25,'Peripheral Smear (Red Blood Cells)','57,58,59,60,61,62,63,64,65,66','',''),(26,'Peripheral Smear (Platelets)','45,67','',''),(27,'Peripheral Smear (Parasites)','68,69,70','',''),(28,'Rapid Malarial Antigen Test','46,47','',''),(29,'Platelet Indices','510,511,71,72','',''),(30,'Reticulocyte Count (RC)','73,74','',''),(31,'Erythrocyte Sedimentation Rate','75','',''),(32,'Prothrombin Time ','76,77,78,79,80,602','',''),(33,'Activated Partial Thromboplastin Time (aPTT)','81,82,603','',''),(34,'Plasma Fibrinogen','83,84','',''),(35,'Factor Assay','85,86','',''),(36,'Bleeding Time (BT) and Clotting Time (CT)','87,88','',''),(37,'Urine Routine and Microscopy','89,90,91,92,93,94,95,96,97,98,99,100,101,102,103,104,105,106,181,107,108,109,110,111,113','',''),(38,'Stool Examination','114,115,116,117,118,119,120,121,122,123,124,125','',''),(39,'Body Fluid Examination','126,127,128,129,130,131,132,133,134,135,136,137','',''),(40,'Semen Examination','138,139,140,141,142,143,144,145,146','',''),(41,'Bone Marrow Examination Report','150,151,152,153,154,155,156,157,158,159,160,161,162,163,164,165,166,167,168,169,170,171,172,173,174,175,176,177,178,179,180','',''),(101,'Histopathology','2010,2001,2002,2003,2004,2011,2005,2009,2006,2007,2008','','{\"header\":\"no\",\"print_style\":\"vertical\"}'),(231,'Dw Graphs','19,20,21','','{\"display_name\":\"no\",\"header\":\"no\",\"print_hide\":\"no\"}'),(300,'Reported by','2012,2013,2014','2015','{\"header\":\"no\",\"print_style\":\"horizontal\"}'),(501,'Diabetes Mellitus Profile','5031','5102,5174,5178,5179','{\"group\":\"BI\"}'),(502,'Immuno-assay','5118,5121,5122','5117,5120,5123,5124,5127,5128,5129,5130,5131,5133,5125,5140,5141,5142,5171','{\"group\":\"BI\"}'),(503,'LFT','5006,5009,5010,5024','5013','{\"group\":\"BI\",\"readonly_availability\":\"yes\"}'),(504,'ALB+TP(ALP)','5012,5011','5007','{\"display_name\":\"no\",\"group\":\"BI\"}'),(505,'Pancreatic profile','5008,5026','','{\"group\":\"BI\"}'),(506,'Electrolyte','5019,5020','','{\"group\":\"BI\"}'),(507,'RFT','5001','','{\"group\":\"BI\"}'),(508,'Adavanced RFT','5002,5027','','{\"group\":\"BI\",\"display_name\":\"no\",\"header\":\"no\"}'),(509,'Cal+PO4','5014,5100,5114,5101','','{\"display_name\":\"no\",\"group\":\"BI\"}'),(510,'Cardiac profile','5092,5093','','{\"group\":\"BI\"}'),(511,'Misc','5025','5113','{\"display_name\":\"no\",\"group\":\"BI\"}'),(512,'Urine','5054,5050,5057,5052,5056,5086,5085,5053,5058,5059,5172,5173,5136,5182,5051,5183','','{\"group\":\"BI\"}'),(514,'eGFR','5088,5089,5087,5060','','{\"group\":\"BI\"}'),(515,'Lipid profile','5015,5018','5016,5017,5028,1099','{\"group\":\"BI\"}'),(516,'Mg 2+','5132,5138','','{\"group\":\"BI\"}'),(517,'urine osmolality','5134,5135,5136,5048,5049,5137','','{\"group\":\"BI\"}'),(519,'Other Fluid','5105,5139','5106,5107,5108,5109,5110,5111,5112','{\"display_name\":\"no\",\"group\":\"BI\"}'),(520,'Peritoneal profile','5033,5035,5038,5039,5040,5041,5042,5043,5082,5094,5181','','{\"group\":\"BI\"}'),(521,'Pleural profile','5034,5036,5037,5044,5045,5046,5081','','{\"group\":\"BI\"}'),(522,'Anemia profile','5021,5022,5023','','{\"group\":\"BI\"}'),(529,'ABG ','5143,5144,5145,5154,5148,5149,5159','5146,5147,5152,5153,5155,5160,5161,5162,5163,5164,5165,5166,5167,5168,5169,5150,5151,5156,5158','{\"group\":\"BI\"}'),(530,'Protein Electrophoresis','5076,5078,5079,5077,5075','','{\"header\":\"no\",\"print_style\":\"vertical\",\"group\":\"BI\"}'),(531,'Hemoglobin Electrophoresis','5063,5065,5066,5067,5068,5069,5064,5070,5071,5072,5073,5074','','{\"header\":\"no\",\"print_style\":\"vertical\",\"group\":\"BI\"}'),(532,'CSF profile','5029,5030,5080,5032','5047','{\"group\":\"BI\"}'),(533,'venous blood gas analysis','5184,5185,5186,5187,5188,5189,5190','','{\"group\":\"BI\"}'),(534,'Serum osmolality','5061','','{\"group\":\"BI\"}'),(535,'QC others','9016,9021,9023,9092,9093,9113,9081,9210,9217,9218,9222,9223,9224,9225','','{\"group\":\"BI\"}'),(536,'Morning QC','9001,9002,9006,9007,9008,9009,9010,9011,9012,9014,9015,9031,9018,9019,9020,9025,9027,9051,9114',NULL,'{\"group\":\"BI\"}'),(537,'QC Immuno-assay','9201,9202,9203,9205,9206,9207,9208,9209,9211,9212,9213,9214,9215,9216,9219,9220,9221','','{\"group\":\"BI\"}'),(538,'Bilirubin Reference range (Paediatric)','5157','','{\"display_name\":\"no\",\"header\":\"no\",\"print_style\":\"vertical\",\"group\":\"BI\"}'),(539,'COVID research','5175,5176,5177,5180','','{\"group\":\"BI\"}'),(1001,'Remark','','5095,5096,5097,5098,5099,5191','{\"header\":\"no\",\"print_style\":\"vertical\",\"group\":\"BI\"}'),(2001,'COVID19','10003,10001,10002','','{\"group\":\"MI\"}');
/*!40000 ALTER TABLE `profile` ENABLE KEYS */;
UNLOCK TABLES;

--
-- Table structure for table `prototype`
--

DROP TABLE IF EXISTS `prototype`;
/*!40101 SET @saved_cs_client     = @@character_set_client */;
/*!40101 SET character_set_client = utf8 */;
CREATE TABLE `prototype` (
  `prototype_id` int(11) NOT NULL,
  `name` varchar(200) NOT NULL,
  PRIMARY KEY (`prototype_id`)
) ENGINE=InnoDB DEFAULT CHARSET=utf8mb4 COLLATE=utf8mb4_general_ci;
/*!40101 SET character_set_client = @saved_cs_client */;

--
-- Dumping data for table `prototype`
--

LOCK TABLES `prototype` WRITE;
/*!40000 ALTER TABLE `prototype` DISABLE KEYS */;
INSERT INTO `prototype` VALUES (1,'Breast CAP'),(2,'Lymphoma'),(3,'Sickle Cell disease'),(4,'Sickle Cell trait'),(5,'Multiple Myeloma'),(6,'Only HbA'),(7,'Bilirubin Reference range (Paediatric)');
/*!40000 ALTER TABLE `prototype` ENABLE KEYS */;
UNLOCK TABLES;

--
-- Table structure for table `prototype_data`
--

DROP TABLE IF EXISTS `prototype_data`;
/*!40101 SET @saved_cs_client     = @@character_set_client */;
/*!40101 SET character_set_client = utf8 */;
CREATE TABLE `prototype_data` (
  `prototype_id` int(11) NOT NULL,
  `examination_id` int(11) NOT NULL,
  `result` varchar(5000) NOT NULL,
  PRIMARY KEY (`prototype_id`,`examination_id`),
  KEY `examination_id` (`examination_id`),
  CONSTRAINT `prototype_data_ibfk_2` FOREIGN KEY (`prototype_id`) REFERENCES `prototype` (`prototype_id`),
  CONSTRAINT `prototype_data_ibfk_3` FOREIGN KEY (`examination_id`) REFERENCES `examination` (`examination_id`)
) ENGINE=InnoDB DEFAULT CHARSET=utf8mb4 COLLATE=utf8mb4_general_ci;
/*!40101 SET character_set_client = @saved_cs_client */;

--
-- Dumping data for table `prototype_data`
--

LOCK TABLES `prototype_data` WRITE;
/*!40000 ALTER TABLE `prototype_data` DISABLE KEYS */;
INSERT INTO `prototype_data` VALUES (1,2001,'Lump in Right Breast'),(1,2002,'MRM specimen'),(1,2005,'Received specimen of left/right modified radical mastectomy consists of resected breast and attached /separately lying axillary fat tissue. Resected breast measures ________           cm3. Overlying skin measures _______       cm2 . Attached /separately lying axillary tissue measures ________          cm3. Overlying skin, nipple and areola appears to be unremarkable.  A ulceration/suture /scar is identified measuring      cm .it is   cm away from nipple at        quadrant. (If surface is bosselated due to tumour than mention it). On serial cutting of specimen a single/multiple tumour is identified measuring         cm3 is seen at _____________quadrant. Tumour is ______        consistency. Areas of haemorrhage, necrosis is seen /not seen. Tumour is    __cm away from overlying skin and ______cm away from deep resected margin. Tumour lies (mention other margins) ____________________________________________________________ . On dissecting axillary tissue total __    lymph nodes are identified. Largest measures ___cm. Macroscopic tumour involvement is seen/not seen in _____lymph nodes. Soft tissue deposit of tumour is seen/not seen. (If seen than mention measurement).  '),(1,2006,'Sections from tumour show features of ‘invasive mammary carcinoma with no special type ‘.if other type than_________________________. Overall Histologic grade (Nottingham histologic score) is 1/2/3.[Glandular(Acinar /Tubular differentiation score 1/2/3, nuclear  pleomorphism 1,2,3, mitotic rate 1,2,3, Total score ____].Specimen has single/multiple  focus of invasive carcinoma .(if multiple than refer CAP). There is presence/absence of extensive lympho-vascular invasion. Overlying skin, nipple, and areola are uninvolved by invasive carcinoma. (If skin is involved than show CAP for exact wording)  Deep resected margin is uninvolved by invasive carcinoma.  Superior, inferior, medial, lateral resected margin are uninvolved by invasive carcinoma. Rest of breast shows ________________(if DCIS then refer  C AP) . Out of ________lymph nodes dissected from axillary tissue,____ are involved by invasive carcinoma . Extra nodal extension is present /absent.  Pathological staging (pTNM) -   '),(1,2007,'Overall histopathological features are that of Invasive Ductal Carcinoma- Not Otherwise Specified with Ductal Carcinoma In Situ Component- Comedo Type. Modified Bloom Richardson Grade- II (2+2+3). Pathological stage- pT2N0. Base is 1 mm away from tumour. Lymphovascular invasion and perinuclear invasion is not seen. Overlying skin, nipple, areola and all four margins are free from tumour. Total 15 lymphnodes are identified, all are free from tumour. '),(1,2009,'H&E'),(2,2001,'neck lymphadanopathy'),(3,5072,'As Dithionite test is positive, Band at HbS is likely to be of Hemoglobin S.\r\nPatient is (((Sickle cell disease))).\r\nCorrelate with clinical history.\r\n\r\n==========================================================================\r\nCommon Beta-variants that Migrate same as HbS position with Negative dithionite test\r\n--------------------------------------------------------------------------------\r\n	-HbD\r\n	-HbLepore\r\nCommon Beta-variants that Migrate same as HbA2 position with Negative dithionite test\r\n-----------------------------------------------------------------------------------\r\n	-HbO-Arab\r\n	-HbC\r\n	-HbE\r\nCommon Beta-variants that Migrate same as HbA2 position with Positive dithionite test\r\n-------------------------------------------------------------------------------------\r\n	-HbC(Herlem/Georgetown)\r\n\r\n'),(4,5072,'As Dithionite test is positive, Band at HbS is likely to be of Hemoglobin S.\r\nPatient is (((Sickle cell trait))).\r\nCorrelate with clinical history and history of blood Transfusion\r\nIf There is recent history of Blood transfusion, after three month of BT-free period or\r\nrepeat the examinations before next blood transfusion.	\r\n	\r\n\r\nCommon Beta-variants that Migrate same as HbA2 position with Negative dithionite test	\r\n-----------------------------------------------------------------------------------	\r\n	-HbO-Arab\r\n	-HbC\r\n	-HbE\r\nCommon Beta-variants that Migrate same as HbA2 position with Positive dithionite test	\r\n-------------------------------------------------------------------------------------	\r\n	-HbC(Herlem/Georgetown)\r\n'),(5,5078,'No M Band Seen.'),(6,5072,'Majority of Hemoglobin is HbA.Correlate Clinically\r\n==========================================================================\r\nCommon Beta-variants that Migrate same as HbS position with Negative dithionite test\r\n--------------------------------------------------------------------------------\r\n	-HbD\r\n	-HbLepore\r\nCommon Beta-variants that Migrate same as HbA2 position with Negative dithionite test\r\n-----------------------------------------------------------------------------------\r\n	-HbO-Arab\r\n	-HbC\r\n	-HbE\r\nCommon Beta-variants that Migrate same as HbA2 position with Positive dithionite test\r\n-------------------------------------------------------------------------------------\r\n	-HbC(Herlem/Georgetown)\r\n\r\n'),(7,5157,'=========mg/dL, Serum/Plasma========\r\nNeonate, Full Term, Total Bilirubin (NICE 2016)\r\nAge(Hours)      Phototherapy    Exchange Transfusion\r\n0               >5.8            >5.8\r\n6		>7.3		>8.8\r\n12		>8.8		>11.7\r\n18		>10.2		>14.8\r\n24		>11.7		>17.5\r\n30		>12.4		>20.5\r\n36		>13.2		>23.4\r\n42		>13.9		>26.3\r\n48              >14.6           >26.3\r\n54              >15.3           >26.3\r\n60              >16.1           >26.3\r\n66              >16.8           >26.3\r\n72              >17.5           >26.3\r\n78              >18.2           >26.3\r\n84              >19.0           >26.3\r\n90              >19.7           >26.3\r\n96+             >20.5           >26.3');
/*!40000 ALTER TABLE `prototype_data` ENABLE KEYS */;
UNLOCK TABLES;

--
-- Table structure for table `Quality_manual_section`
--

DROP TABLE IF EXISTS `Quality_manual_section`;
/*!40101 SET @saved_cs_client     = @@character_set_client */;
/*!40101 SET character_set_client = utf8 */;
CREATE TABLE `Quality_manual_section` (
  `id` int(11) NOT NULL AUTO_INCREMENT,
  `recording_time` datetime DEFAULT NULL,
  `recorded_by` varchar(100) DEFAULT NULL,
  `clause` varchar(200) DEFAULT NULL,
  PRIMARY KEY (`id`)
) ENGINE=InnoDB AUTO_INCREMENT=26 DEFAULT CHARSET=utf8mb4 COLLATE=utf8mb4_general_ci;
/*!40101 SET character_set_client = @saved_cs_client */;

--
-- Dumping data for table `Quality_manual_section`
--

LOCK TABLES `Quality_manual_section` WRITE;
/*!40000 ALTER TABLE `Quality_manual_section` DISABLE KEYS */;
/*!40000 ALTER TABLE `Quality_manual_section` ENABLE KEYS */;
UNLOCK TABLES;

--
-- Table structure for table `record_tables`
--

DROP TABLE IF EXISTS `record_tables`;
/*!40101 SET @saved_cs_client     = @@character_set_client */;
/*!40101 SET character_set_client = utf8 */;
CREATE TABLE `record_tables` (
  `id` int(11) NOT NULL AUTO_INCREMENT,
  `table_name` varchar(100) DEFAULT NULL,
  `level` int(11) DEFAULT NULL,
  `recording_time` datetime DEFAULT NULL ON UPDATE current_timestamp(),
  `recorded_by` varchar(100) DEFAULT NULL,
  PRIMARY KEY (`id`)
) ENGINE=InnoDB AUTO_INCREMENT=63 DEFAULT CHARSET=utf8mb4 COLLATE=utf8mb4_general_ci;
/*!40101 SET character_set_client = @saved_cs_client */;

--
-- Dumping data for table `record_tables`
--

LOCK TABLES `record_tables` WRITE;
/*!40000 ALTER TABLE `record_tables` DISABLE KEYS */;
INSERT INTO `record_tables` VALUES (62,'reagent_name',0,NULL,NULL);
/*!40000 ALTER TABLE `record_tables` ENABLE KEYS */;
UNLOCK TABLES;

--
-- Table structure for table `report`
--

DROP TABLE IF EXISTS `report`;
/*!40101 SET @saved_cs_client     = @@character_set_client */;
/*!40101 SET character_set_client = utf8 */;
CREATE TABLE `report` (
  `id` int(11) NOT NULL AUTO_INCREMENT,
  `report_name` varchar(100) NOT NULL,
  `examination_id` varchar(1000) DEFAULT NULL,
  PRIMARY KEY (`id`)
) ENGINE=InnoDB AUTO_INCREMENT=3 DEFAULT CHARSET=utf8mb4 COLLATE=utf8mb4_general_ci;
/*!40101 SET character_set_client = @saved_cs_client */;

--
-- Dumping data for table `report`
--

LOCK TABLES `report` WRITE;
/*!40000 ALTER TABLE `report` DISABLE KEYS */;
INSERT INTO `report` VALUES (1,'ABG','5143,5144,5145,5148,5149,5154,5159'),(2,'Chinka','1000,1001,1003,1004,1006,1009,1010,1011,1012,1026,1015,1016,1017,1018');
/*!40000 ALTER TABLE `report` ENABLE KEYS */;
UNLOCK TABLES;

--
-- Table structure for table `request_id`
--

DROP TABLE IF EXISTS `request_id`;
/*!40101 SET @saved_cs_client     = @@character_set_client */;
/*!40101 SET character_set_client = utf8 */;
CREATE TABLE `request_id` (
  `id` bigint(20) NOT NULL,
  `sample_id` bigint(20) NOT NULL,
  PRIMARY KEY (`sample_id`),
  KEY `id` (`id`)
) ENGINE=InnoDB DEFAULT CHARSET=utf8mb4 COLLATE=utf8mb4_general_ci;
/*!40101 SET character_set_client = @saved_cs_client */;

--
-- Dumping data for table `request_id`
--

LOCK TABLES `request_id` WRITE;
/*!40000 ALTER TABLE `request_id` DISABLE KEYS */;
INSERT INTO `request_id` VALUES (1,5000000),(2,5000001),(3,1000002),(3020202,1000003),(3020203,1000004),(3020204,1000005),(3020205,1000006),(3020205,1000007),(3020206,1000008),(3020206,1000009),(3020207,1000022),(3020207,1000023),(3020208,1000024),(3020208,1000025),(3020209,1000026),(3020210,1000027),(3020210,1000028),(3020211,1000030),(3020212,1000031),(3020213,1000032),(3020213,1000033),(3020214,1000034),(3020214,1000035),(3020215,1000036),(3020215,1000037),(3020216,1000040),(3020216,1000041),(3020216,5000002),(3020217,1000042),(3020218,1000043),(3020218,1000044),(3020219,1000045),(3020219,1000046),(3020220,1000047),(3020220,1000048),(3020221,1000049),(3020221,1000050),(3020222,1000051),(3020222,1000052),(3020222,1000053),(3020222,1000054),(3020223,1000055),(3020223,1000056),(3020223,1000057),(3020223,1000058),(3020224,1000091),(3020225,1000093),(3020225,1000094),(3020226,1000095),(3020226,1000096),(3020227,1000097),(3020227,1000098),(3020228,1000099),(3020228,1000100),(3020229,1000101),(3020229,1000102),(3020230,1000103),(3020230,1000104),(3020231,1000105),(3020231,1000106),(3020232,1000107),(3020233,1000108),(3020234,1000109),(3020235,1000110),(3020236,1000111),(3020237,5000003),(3020238,5000004),(3020239,5000005),(3020240,1000112),(3020241,1000113),(3020242,1000115),(3020243,1000117),(3020244,1000118),(3020244,1000119),(3020245,1000124),(3020245,1000125),(3020246,1000126),(3020247,1000127),(3020247,1000128),(3020248,1000129),(3020248,1000130),(3020249,1000131),(3020249,1000132),(3020250,1000133),(3020250,1000134),(3020251,1000135),(3020251,1000136),(3020252,1000137),(3020252,1000138),(3020253,1000139),(3020253,1000140),(3020254,1000141),(3020254,1000142),(3020255,1000143),(3020255,1000144),(3020256,1000145),(3020257,1000146),(3020258,1000147),(3020258,1000148),(3020260,1000151),(3020260,1000152),(3020261,1000153),(3020261,1000154),(3020262,1000155),(3020262,1000156),(3020263,1000157),(3020263,1000158),(3020264,1000159),(3020264,1000160),(3020265,1000161),(3020265,1000162),(3020266,1000163),(3020266,1000164),(3020267,1000012),(3020268,1000165),(3020269,1000166),(3020270,1000167),(3020270,1000168),(3020271,1000169),(3020271,1000170),(3020272,1000171),(3020272,1000172),(3020273,1000173),(3020273,1000174),(3020274,1000175),(3020274,1000176),(3020275,1000177),(3020275,1000178),(3020276,1000179),(3020276,1000180),(3020277,1000181),(3020277,1000182),(3020278,1000183),(3020278,1000184),(3020278,1000185),(3020278,1000186),(3020279,1000187),(3020279,1000188),(3020279,1000189),(3020279,1000190),(3020280,1000191),(3020280,1000192),(3020280,1000193),(3020280,1000194),(3020281,1000195),(3020281,1000196),(3020281,1000197),(3020281,1000198),(3020282,1000199),(3020282,1000200),(3020282,1000201),(3020282,1000202),(3020283,1000203),(3020283,1000204),(3020283,1000205),(3020283,1000206),(3020284,1000207),(3020284,1000208),(3020285,1000209),(3020285,1000210),(3020286,1000211),(3020286,1000212),(3020286,1000213),(3020286,1000214),(3020287,1000215),(3020287,1000216),(3020287,1000217),(3020287,1000218),(3020288,1000219),(3020288,1000220),(3020288,1000221),(3020288,1000222),(3020289,1000223),(3020289,1000224),(3020289,1000225),(3020289,1000226),(3020290,1000227),(3020290,1000228),(3020290,1000229),(3020290,1000230),(3020291,1000231),(3020291,1000232),(3020291,1000233),(3020291,1000234),(3020292,1000235),(3020292,1000236),(3020292,1000237),(3020292,1000238),(3020293,1000239),(3020293,1000240),(3020293,1000241),(3020293,1000242),(3020294,1000243),(3020294,1000244),(3020294,1000245),(3020294,1000246),(3020295,1000247),(3020295,1000248),(3020295,1000249),(3020295,1000250),(3020296,1000251),(3020296,1000252),(3020296,1000253),(3020296,1000254),(3020297,1000255),(3020297,1000256),(3020297,1000257),(3020297,1000258),(3020298,1000259),(3020298,1000260),(3020298,1000261),(3020298,1000262),(3020299,1000263),(3020299,1000264),(3020299,1000265),(3020299,1000266),(3020300,1000267),(3020300,1000268),(3020300,1000269),(3020300,1000270),(3020301,1000271),(3020301,1000272),(3020301,1000273),(3020301,1000274),(3020302,1000283),(3020303,2000000),(3020304,1000289),(3020305,1000291),(3020305,1000292),(3020305,2000001),(3020306,1000293),(3020307,1000294),(3020308,1000295),(3020309,1000296),(3020309,1000297),(3020310,1000298),(3020310,1000299),(3020310,1000300),(3020312,1000304),(3020312,1000305),(3020312,1000306),(3020313,1000307),(3020313,1000308),(3020313,1000309),(3020314,1000310),(3020315,1000311),(3020316,1000312),(3020317,1000313),(3020318,1000315),(3020319,1000316),(3020320,1000325),(3020320,1000326),(3020321,1000329),(3020322,1000330),(3020323,1000331),(3020324,1000332),(3020325,1000333),(3020326,1000341),(3020327,1000342),(3020328,1000343),(3020328,1000344),(3020328,1000345),(3020329,1000346),(3020329,1000347),(3020329,1000348),(3020329,5000008),(3020330,1000349),(3020330,1000350),(3020330,1000351),(3020330,5000009),(3020331,1000352),(3020331,1000353),(3020331,1000354),(3020331,5000010),(3020332,1000355),(3020332,1000356),(3020332,1000357),(3020332,5000011),(3020333,1000358),(3020333,1000359),(3020333,1000360),(3020333,5000012),(3020334,1000361),(3020334,1000362),(3020334,1000363),(3020334,5000013),(3020335,1000364),(3020335,1000365),(3020335,1000366),(3020335,5000014),(3020336,1000367),(3020336,1000368),(3020336,1000369),(3020336,5000015),(3020337,1000370),(3020337,1000371),(3020337,1000372),(3020337,5000016),(3020338,1000373),(3020338,1000374),(3020338,1000375),(3020338,5000017),(3020339,1000376),(3020339,1000377),(3020339,1000378),(3020339,5000018),(3020340,1000379),(3020340,1000380),(3020340,1000381),(3020340,5000019),(3020341,1000390),(3020342,1000391),(3020343,1000392),(3020344,1000393),(3020344,1000394),(3020344,1000395),(3020345,1000396),(3020345,1000397),(3020345,1000398),(3020346,1000399),(3020346,1000400),(3020346,1000401),(3020347,1000402),(3020347,1000403),(3020347,1000404),(3020348,1000405),(3020348,1000406),(3020348,1000407),(3020349,1000411),(3020349,1000412),(3020350,1000413),(3020351,1000414);
/*!40000 ALTER TABLE `request_id` ENABLE KEYS */;
UNLOCK TABLES;

--
-- Table structure for table `reagent_name`
--

DROP TABLE IF EXISTS `reagent_name`;
/*!40101 SET @saved_cs_client     = @@character_set_client */;
/*!40101 SET character_set_client = utf8 */;
CREATE TABLE `reagent_name` (
  `id` int(11) NOT NULL AUTO_INCREMENT,
  `reagent_name` varchar(100) DEFAULT NULL,
  `recording_time` datetime DEFAULT NULL,
  `reorder_value` decimal(10,0) DEFAULT NULL,
  `recorded_by` varchar(100) DEFAULT NULL,
  PRIMARY KEY (`id`)
) ENGINE=InnoDB AUTO_INCREMENT=120 DEFAULT CHARSET=utf8mb4 COLLATE=utf8mb4_general_ci;
/*!40101 SET character_set_client = @saved_cs_client */;

--
-- Dumping data for table `reagent_name`
--

LOCK TABLES `reagent_name` WRITE;
/*!40000 ALTER TABLE `reagent_name` DISABLE KEYS */;
INSERT INTO `reagent_name` VALUES (2,'ADA_HOCL','2020-08-17 14:59:08',NULL,'9099514805'),(3,'ADA_PHENOL','2020-08-17 14:59:32',NULL,'9099514805'),(4,'ADA_S60','2020-08-17 14:59:44',NULL,'9099514805'),(5,'ADENOSINE BUFFER','2020-08-17 14:59:54',NULL,'9099514805'),(6,'ALB_BCG','2020-08-17 15:01:18',NULL,'9099514805'),(7,'ALP-R1','2020-08-17 15:02:42',NULL,'9099514805'),(8,'ALP-R2','2020-08-17 15:02:51',NULL,'9099514805'),(9,'ALT_UV','2020-09-15 13:00:00',2500,'1'),(10,'AMY_CNPG3','2020-08-17 15:03:28',100,'9099514805'),(12,'DIAZO-A','2020-08-17 15:04:01',NULL,'9099514805'),(13,'CALIBRATOR-2','2020-08-17 15:04:23',NULL,'9099514805'),(14,'CALIBRATOR-3','2020-08-17 15:04:32',NULL,'9099514805'),(15,'CALCIUM_ARSENAZO','2020-08-17 15:04:43',NULL,'9099514805'),(16,'CHE-CHOLINESTERASE','2020-08-17 15:05:06',NULL,'9099514805'),(17,'CHOLESTEROL','2020-08-17 15:05:24',200,'9099514805'),(18,'CKMB-UV','2020-08-17 15:05:40',200,'9099514805'),(19,'CK-TOTAL','2020-08-17 15:05:48',NULL,'9099514805'),(20,'CR-R1 NAOH','2020-08-17 15:06:08',NULL,'9099514805'),(21,'CR-R2 PICRATE','2020-08-17 15:06:20',NULL,'9099514805'),(22,'DBIL-R1_HCL','2020-08-17 15:06:40',NULL,'9099514805'),(23,'DITHONITE BUFFER','2020-08-17 15:06:55',NULL,'9099514805'),(24,'GLC_GODPOD','2020-08-17 15:07:11',NULL,'9099514805'),(25,'HBS CONTROL LOT','2020-08-17 15:08:10',NULL,'9099514805'),(26,'HBF CONTROL LOT','2020-08-17 15:08:20',NULL,'9099514805'),(27,'HDL-PPT','2020-08-17 15:08:34',NULL,'9099514805'),(28,'IRON STOCKK SOLUTION','2020-08-17 15:08:53',NULL,'9099514805'),(29,'IRON-R1 THIOSEMICARBAZIDE','2020-08-17 15:09:13',NULL,'9099514805'),(30,'IRON-R2 FERROZINE','2020-08-17 15:09:25',NULL,'9099514805'),(31,'KETONE BODY CONTROL LOT','2020-08-17 15:09:50',NULL,'9099514805'),(32,'LDH-DEA-R1','2020-08-17 15:10:13',NULL,'9099514805'),(33,'LDH-R2-NAD','2020-08-17 15:10:24',NULL,'9099514805'),(34,'LIP-TURBIDOMETRY','2020-08-17 15:10:48',NULL,'9099514805'),(35,'MPR QC LOT','2020-08-17 15:11:06',NULL,'9099514805'),(36,'MPR','2020-08-17 15:11:26',NULL,'9099514805'),(37,'STD-A -NA + K','2020-08-17 15:12:11',NULL,'9099514805'),(38,'STD-B NA+K','2020-08-17 15:12:26',NULL,'9099514805'),(39,'PEPSIN','2020-08-17 15:12:46',NULL,'9099514805'),(40,'PH CALIBRATOR-4.01,6.08,9.13','2020-08-17 15:13:30',NULL,'9099514805'),(41,'PHOSPHATE BUFFER','2020-08-17 15:13:44',NULL,'9099514805'),(42,'PHOSPHATE MOLYBDATE','2020-08-17 15:14:03',NULL,'9099514805'),(43,'QC-5','2020-08-17 15:14:15',NULL,'9099514805'),(44,'QC-8','2020-08-17 15:14:21',NULL,'9099514805'),(45,'TBIL-R1_CAFFINE','2020-08-17 15:14:42',NULL,'9099514805'),(46,'TG-GPO','2020-08-17 15:14:54',NULL,'9099514805'),(47,'TP-BIURET','2020-08-17 15:15:06',NULL,'9099514805'),(48,'UA-URICASE','2020-08-17 15:15:20',100,'9099514805'),(49,'UIBC-R1_HYDROXYLAMINE','2020-08-17 15:15:41',NULL,'9099514805'),(50,'UIBC-R2_FERROZINE','2020-08-17 15:15:55',NULL,'9099514805'),(51,'UREA-UREASE','2020-08-27 17:36:21',200,'3'),(52,'URINE DILUENT_MOPS','2020-08-17 15:16:32',NULL,'9099514805'),(53,'URINE ACID CONTROL LOT','2020-08-17 15:17:02',NULL,'9099514805'),(54,'URINE NEUTRAL CONTROL LOT','2020-08-17 15:17:15',NULL,'9099514805'),(55,'URINE BASIC CONTROL LOT','2020-08-17 15:17:27',NULL,'9099514805'),(57,'DIAZO-B','2020-09-01 18:42:25',NULL,'9099514805'),(59,'TIBC STANDARD SOLUTION','2020-09-24 17:17:20',NULL,'8866829055'),(60,'signal reagent','2020-12-01 12:16:11',8,'9099514805'),(61,'versa tips','2020-12-01 12:16:03',2000,'9099514805'),(62,'wash buffer reagent','2020-12-01 14:58:19',10000,'9099514805'),(63,'Control-TSH','2020-11-18 16:10:15',NULL,'9099514805'),(64,'Microsensor check fluid-1 and 2','2020-11-18 16:11:00',NULL,'9099514805'),(65,'calibrator-25-OH Vit-D Total','2020-12-01 12:15:36',1,'9099514805'),(66,'calibrator-Total beta hcg -2','2020-12-01 12:15:45',1,'9099514805'),(67,'calibrator-ferritin','2020-12-01 12:15:28',1,'9099514805'),(68,'calibrator- Total T4','2020-12-01 12:15:21',1,'9099514805'),(69,'calibrator- Free T4','2020-12-01 12:15:14',1,'9099514805'),(70,'calibrator- TSH','2020-12-01 12:15:05',1,'9099514805'),(71,'calibrator- Free T3','2020-12-01 12:14:55',1,'9099514805'),(72,'calibrator- Vit B12','2020-12-01 12:14:48',1,'9099514805'),(73,'calibrator- FSH','2020-12-01 12:14:37',1,'9099514805'),(74,'calibrator- LH','2020-12-01 12:14:26',1,'9099514805'),(75,'Reagent-PCT','2020-12-01 12:14:15',100,'9099514805'),(76,'Reagent-FSH','2020-12-01 12:14:08',100,'9099514805'),(77,'Reagent-Total beta hcg-2','2020-12-01 12:14:01',100,'9099514805'),(78,'Reagent-LH','2020-12-01 12:13:54',100,'9099514805'),(79,'Reagent-Ferritin','2020-12-01 12:13:47',200,'9099514805'),(80,'Reagent-Free T3','2020-12-01 12:13:40',100,'9099514805'),(81,'Reagent-Free T4','2020-12-01 12:13:33',100,'9099514805'),(82,'Reagent-vit B12','2020-12-01 12:13:26',100,'9099514805'),(83,'Reagent-prolactin','2020-12-01 12:13:18',100,'9099514805'),(84,'Reagent-25 OH Vit-D Total','2020-12-01 12:13:03',100,'9099514805'),(85,'Reagent-TSH','2020-12-01 12:12:56',200,'9099514805'),(86,'Reagent-B12+folate pack-3','2020-12-01 12:12:49',100,'9099514805'),(87,'maintenance pack vitros','2020-12-01 12:12:42',1,'9099514805'),(89,'calibrator-Prolactin','2020-12-01 12:12:34',1,'9099514805'),(90,'sample cap','2020-12-01 14:54:33',1000,'9099514805'),(91,'calibrator-PCT','2020-12-01 12:12:18',1,'9099514805'),(93,'CRP','2020-12-01 14:55:52',220,'9099514805'),(94,' D-Dimer','2020-12-01 14:57:16',90,'9099514805'),(95,'REAGENT -PROGESTERONE','2020-12-01 12:11:53',100,'9099514805'),(96,'REAGENT-HSTROP ','2020-12-01 12:11:32',100,'9099514805'),(97,'REAGENT-NT-PROBNP 2','2020-12-01 13:04:05',100,'9099514805'),(98,'CALIBRATOR PROGESTERONE','2020-12-01 12:11:10',1,'9099514805'),(99,'CALIBRATOR HSTROP','2020-12-01 12:11:03',1,'9099514805'),(100,'CALIBRATOR NT-PROBNP 2','2020-12-01 12:10:52',1,'9099514805'),(101,'vitrous eppendropp cup','2020-12-01 14:44:55',1000,'9099514805'),(102,'IL-6 REAGENT KIT ','2020-12-02 15:59:40',80,'8866580625'),(103,'High sample diluent A','2020-12-05 13:28:55',NULL,'9099514805'),(104,'High sample diluent B ','2020-12-05 13:30:11',NULL,'9099514805'),(105,'MAGANESIUM','2020-12-24 13:21:08',NULL,'8866580625'),(106,'Anti-SARS-CoV-2IgG','2021-03-31 10:55:54',NULL,'8866580625'),(107,'SGOT','2021-04-08 13:33:46',NULL,'8866580625'),(109,'IMMUNO QC  TRI LEVEL','2021-04-09 18:19:11',NULL,'8866580625'),(110,'CALIBRATOR-COV 2IgG','2021-04-13 21:30:05',NULL,'8866580625'),(111,'PH CALIBRATOR 6.08','2021-07-19 15:57:20',NULL,'8866580625'),(112,'PH CALIBRATOR 9.13','2021-07-19 15:57:36',NULL,'8866580625'),(113,'PH CALIBRATOR 4.01','2021-07-19 15:58:24',NULL,'8866580625'),(115,'MICROALBUMIN KIT','2021-07-27 13:00:18',NULL,'8866580625'),(116,'ADA KIT','2021-07-27 13:06:35',NULL,'8866580625'),(117,'IMMUNO QC POOL','2021-08-11 13:27:32',NULL,'8866580625'),(118,'QC/L1_BNP/3600','2021-08-19 11:27:18',NULL,'8866580625'),(119,'QC/L2_BNP/3600','2021-08-19 11:27:29',NULL,'8866580625');
/*!40000 ALTER TABLE `reagent_name` ENABLE KEYS */;
UNLOCK TABLES;

--
-- Table structure for table `route_priority`
--

DROP TABLE IF EXISTS `route_priority`;
/*!40101 SET @saved_cs_client     = @@character_set_client */;
/*!40101 SET character_set_client = utf8 */;
CREATE TABLE `route_priority` (
  `route` varchar(100) NOT NULL,
  `node` varchar(100) NOT NULL,
  `request_route_priority` varchar(10) NOT NULL,
  `display_route_priority` varchar(10) NOT NULL,
  PRIMARY KEY (`route`,`node`)
) ENGINE=InnoDB DEFAULT CHARSET=utf8mb4 COLLATE=utf8mb4_general_ci;
/*!40101 SET character_set_client = @saved_cs_client */;

--
-- Dumping data for table `route_priority`
--

LOCK TABLES `route_priority` WRITE;
/*!40000 ALTER TABLE `route_priority` DISABLE KEYS */;
INSERT INTO `route_priority` VALUES ('','Laboratory Information','','100'),('','Patient Details','','200'),('','Sample Details','','300'),('FNAC/Sample Parameters','Sample Parameters','','10'),('Sample Details/IDs','IDs','','10');
/*!40000 ALTER TABLE `route_priority` ENABLE KEYS */;
UNLOCK TABLES;

--
-- Table structure for table `sample_id_strategy`
--

DROP TABLE IF EXISTS `sample_id_strategy`;
/*!40101 SET @saved_cs_client     = @@character_set_client */;
/*!40101 SET character_set_client = utf8 */;
CREATE TABLE `sample_id_strategy` (
  `sample_requirement` varchar(100) NOT NULL,
  `lowest_id` bigint(20) DEFAULT NULL,
  `highest_id` bigint(20) DEFAULT NULL,
  `description` varchar(500) NOT NULL,
  PRIMARY KEY (`sample_requirement`)
) ENGINE=InnoDB DEFAULT CHARSET=utf8 COLLATE=utf8_bin;
/*!40101 SET character_set_client = @saved_cs_client */;

--
-- Dumping data for table `sample_id_strategy`
--

LOCK TABLES `sample_id_strategy` WRITE;
/*!40000 ALTER TABLE `sample_id_strategy` DISABLE KEYS */;
INSERT INTO `sample_id_strategy` VALUES ('Citrate-Blood-BI',1000000,1999999,'Biochemistry'),('Citrate-Blood-HI',2000000,2999999,'Haematology'),('EDTA-Blood-BI',1000000,1999999,'Biochemistry'),('EDTA-Blood-HI',2000000,2999999,'Haematology'),('EDTA-BodyFluid-CP',3000000,3999999,'Clinical Pathology - Body Fluid'),('EDTA-CSF-CP',3000000,3999999,'Clinical Pathology - CSF'),('Fluoride-Blood-BI',1000000,1999999,'Biochemistry'),('Formalin-Tissue-HP',4000000,4999999,''),('Frozen-Tissue-HP',4000000,4999999,''),('HCL-Urine-BI',1000000,1999999,'Biochemistry'),('Heparinised Arterial-Blood-BI',1000000,1999999,'Biochemistry'),('Heparinised Venous-Blood-BI',1000000,1999999,'Biochemistry'),('None',NULL,NULL,''),('Plain-Blood-BI',1000000,1999999,'Biochemistry'),('Plain-Blood-DM',1,1000,'Dummy plain sample'),('Plain-Blood-XX',1,500,'Dummy plain sample'),('Plain-BodyFluid-CY',5000000,5999999,''),('Plain-BodyFluid-MI',6000000,6999999,'Microbiology'),('Plain-CSF-BI',1000000,1999999,'Biochemistry'),('Plain-FNA-CY',5000000,5999999,''),('Plain-Nasopharyngeal-MI',6000000,6999999,'Microbiology'),('Plain-Other-BI',1000000,1999999,'Biochemistry'),('Plain-PAP-CY',5000000,5999999,''),('Plain-Peritoneal Fluid-BI',1000000,1999999,'Biochemistry'),('Plain-Pleural Fluid-BI',1000000,1999999,'Biochemistry'),('Plain-Semen-CP',3000000,3999999,'Clinical Pathology - Semen'),('Plain-Smear-CY',5000000,5999999,''),('Plain-Stool-CP',3000000,3999999,'Clinical Pathology - Stool'),('Plain-Swab-BI',1000000,1999999,'Biochemistry'),('Plain-Urine-BI',1000000,1999999,'Biochemistry'),('Plain-Urine-CP',3000000,3999999,'Clinical Pathology - Urine'),('QC-QC-BI',9000000,9999999,'For Biochemistry QC');
/*!40000 ALTER TABLE `sample_id_strategy` ENABLE KEYS */;
UNLOCK TABLES;

--
-- Table structure for table `sample_status`
--

DROP TABLE IF EXISTS `sample_status`;
/*!40101 SET @saved_cs_client     = @@character_set_client */;
/*!40101 SET character_set_client = utf8 */;
CREATE TABLE `sample_status` (
  `id` int(11) NOT NULL AUTO_INCREMENT,
  `priority` decimal(10,3) NOT NULL,
  `name` varchar(50) NOT NULL,
  `examination_id` int(11) NOT NULL,
  `color` varchar(50) NOT NULL,
  `shortcut` int(11) NOT NULL,
  `dependancy_examination_id` varchar(50) NOT NULL,
  PRIMARY KEY (`id`),
  UNIQUE KEY `examination_id` (`examination_id`),
  CONSTRAINT `sample_status_ibfk_2` FOREIGN KEY (`examination_id`) REFERENCES `examination` (`examination_id`)
) ENGINE=InnoDB AUTO_INCREMENT=14 DEFAULT CHARSET=utf8mb4 COLLATE=utf8mb4_general_ci;
/*!40101 SET character_set_client = @saved_cs_client */;

--
-- Dumping data for table `sample_status`
--

LOCK TABLES `sample_status` WRITE;
/*!40000 ALTER TABLE `sample_status` DISABLE KEYS */;
INSERT INTO `sample_status` VALUES (1,100.000,'sample_request',10001,'#FFFE00',1,'0'),(2,200.000,'sample_collection',10002,'#FF9600',1,'0'),(3,350.000,'sample_receipt',10003,'#FF0005',1,'0'),(6,400.000,'sample_processing',10004,'#9700FF',1,'0'),(7,300.000,'sample_receipt_kidney',10005,'#FF0005',1,'0'),(8,500.000,'sample_analysis',10006,'#0000FF',1,'0'),(9,600.000,'sample_verification',10007,'#40C1FF',0,'0'),(10,700.000,'sample_release',10008,'#17F7C6',0,'10007'),(12,650.000,'sample_interim_release',10010,'#9700FF',0,'10007');
/*!40000 ALTER TABLE `sample_status` ENABLE KEYS */;
UNLOCK TABLES;

--
-- Table structure for table `schedule`
--

DROP TABLE IF EXISTS `schedule`;
/*!40101 SET @saved_cs_client     = @@character_set_client */;
/*!40101 SET character_set_client = utf8 */;
CREATE TABLE `schedule` (
  `id` int(11) NOT NULL AUTO_INCREMENT,
  `min` varchar(5) NOT NULL,
  `hour` varchar(5) NOT NULL,
  `day` varchar(5) NOT NULL,
  `month` varchar(5) NOT NULL,
  `week` varchar(5) NOT NULL,
  `text` varchar(100) NOT NULL,
  PRIMARY KEY (`id`)
) ENGINE=InnoDB AUTO_INCREMENT=4 DEFAULT CHARSET=utf8mb4 COLLATE=utf8mb4_general_ci;
/*!40101 SET character_set_client = @saved_cs_client */;

--
-- Dumping data for table `schedule`
--

LOCK TABLES `schedule` WRITE;
/*!40000 ALTER TABLE `schedule` DISABLE KEYS */;
/*!40000 ALTER TABLE `schedule` ENABLE KEYS */;
UNLOCK TABLES;

--
-- Table structure for table `super_profile`
--

DROP TABLE IF EXISTS `super_profile`;
/*!40101 SET @saved_cs_client     = @@character_set_client */;
/*!40101 SET character_set_client = utf8 */;
CREATE TABLE `super_profile` (
  `super_profile_id` int(11) NOT NULL,
  `name` varchar(100) NOT NULL,
  `profile_id_list` varchar(500) NOT NULL,
  `extra` varchar(300) DEFAULT NULL,
  `edit_specification` varchar(500) NOT NULL,
  PRIMARY KEY (`super_profile_id`)
) ENGINE=InnoDB DEFAULT CHARSET=utf8mb4 COLLATE=utf8mb4_general_ci;
/*!40101 SET character_set_client = @saved_cs_client */;

--
-- Dumping data for table `super_profile`
--

LOCK TABLES `super_profile` WRITE;
/*!40000 ALTER TABLE `super_profile` DISABLE KEYS */;
INSERT INTO `super_profile` VALUES (1,'Blood Counts - Hb, TC, Platelet','21','',''),(2,'CBC (Routine)','21,23','',''),(3,'CBC MP (Routine)','21,23,26,27','',''),(4,'PSCM','21,23,25,26,27','',''),(5,'RC','30','',''),(6,'ESR','31','',''),(7,'PT','32','',''),(8,'Urine Routine','37','',''),(9,'Stool Routine','38','',''),(10,'CBC (Emergency)','21','',''),(11,'CBC MP (Emergency)','21,26,27','',''),(12,'PSCM Leukemia Panel','21,22,25,26,27','',''),(13,'Bone Marrow Examination Report','20,21,23,25,26,27,30,41','',''),(14,'Expert Level PSCM','21,23,25,26,27','',''),(15,'Fine Needle Aspiration Cytology Report','201,202','',''),(16,'RFT+Electrolyte','507,506','','{\"group\":\"BI\",\"readonly_availability\":\"yes\"}'),(17,'creatinine + eGFR','507,514','','{\"group\":\"BI\"}'),(18,'LRE','503,507,506','','{\"group\":\"BI\",\"readonly_availability\":\"yes\"}'),(19,'LRE+GLC','501,503,507,506','','{\"group\":\"BI\",\"readonly_availability\":\"yes\"}'),(20,'LL-RR-E','503,507,508,504','','{\"group\":\"BI\",\"readonly_availability\":\"yes\"}'),(22,'Glc + Lipid','501,515','','{\"group\":\"BI\",\"readonly_availability\":\"yes\"}'),(23,'CAL+PHO+ALb+TP','509,504','','{\"group\":\"BI\"}'),(24,'COVID profile','502,503,506,507,511','','{\"group\":\"BI\"}'),(25,'Radio camp','501,503,507,515','','{\"group\":\"BI\"}');
/*!40000 ALTER TABLE `super_profile` ENABLE KEYS */;
UNLOCK TABLES;

--
-- Table structure for table `table_field_specification`
--

DROP TABLE IF EXISTS `table_field_specification`;
/*!40101 SET @saved_cs_client     = @@character_set_client */;
/*!40101 SET character_set_client = utf8 */;
CREATE TABLE `table_field_specification` (
  `id` int(11) NOT NULL AUTO_INCREMENT,
  `tname` varchar(100) DEFAULT NULL,
  `fname` varchar(100) DEFAULT NULL,
  `ftype` varchar(50) DEFAULT NULL,
  `table` varchar(50) DEFAULT NULL,
  `field` varchar(50) DEFAULT NULL,
  PRIMARY KEY (`id`),
  UNIQUE KEY `tname_fname` (`tname`,`fname`)
) ENGINE=InnoDB AUTO_INCREMENT=51 DEFAULT CHARSET=utf8mb4 COLLATE=utf8mb4_general_ci;
/*!40101 SET character_set_client = @saved_cs_client */;

--
-- Dumping data for table `table_field_specification`
--

LOCK TABLES `table_field_specification` WRITE;
/*!40000 ALTER TABLE `table_field_specification` DISABLE KEYS */;
INSERT INTO `table_field_specification` VALUES (1,'equipment_record','equipment','table','equipment','equipment'),(2,'equipment_record','equipment_record_type','table','equipment_record_type','equipment_record_type'),(3,'equipment_record','date','date','',''),(4,'equipment_record','description','textarea','',''),(5,'calibration','date','date','',''),(6,'calibration','cal_equipment','table','cal_equipment','cal_equipment'),(7,'calibration','remarks','textarea','',''),(8,'calibration','correlation','textarea','',''),(9,'calibration','cal_examination','table','host_code','code'),(10,'reagent','name','table','reagent_name','reagent_name'),(11,'reagent','date_of_preparation','date','',''),(12,'reagent','date_of_expiry','date','',''),(13,'reagent','date_of_receipt','date','',''),(14,'reagent_use','date_of_opening','date','',''),(15,'reagent','unit','table','unit_name','unit_name'),(16,'Nonconformity','Process_affected','table','Process_affected','Process_affected'),(17,'Nonconformity','Extent','table','Extent','Extent'),(18,'Nonconformity','source','table','nc_source','source'),(19,'Nonconformity','Quality_manual_section','table','Quality_manual_section','clause'),(20,'Nonconformity','Immediate_control','textarea','',''),(21,'Performance_characteristics','Performance_characteristics','table','Performance_characteristics_list','Performance_specification'),(22,'Nonconformity','NC_Name','textarea','',''),(23,'Nonconformity','RCA','textarea','',''),(24,'Nonconformity','Corrective_and_preventive_actions','textarea','',''),(25,'scope','nabl_accreditation_status','table','nabl_accreditation_status','nabl_accreditation_status'),(26,'scope','instruction_for_preparation_of_the_patient','textarea','',''),(27,'scope','instructions_for_patient_collected_samples','textarea','',''),(28,'scope','unit_of_measurement','table','unit_of_measurement','unit_of_measurement'),(29,'scope','container_additives','table','container_additives','container_additives'),(30,'scope','sample_type','table','sample_type','sample_type'),(31,'scope','examination_is_currently_available','table','examination_is_currently_available','examination_is_currently_available'),(32,'NABL_Records','doc_type','table','Quality_manual_section','clause'),(33,'reagent_date_of_completion','date_of_completion','date','',''),(34,'reagent_use','date_of_closing','date','',''),(35,'HIB_Vaccination','Name','table','Name','Name'),(36,'HIB_Vaccination','First_Dose','date','',''),(37,'HIB_Vaccination','Second_Dose','date','',''),(38,'HIB_Vaccination','Third_Dose','date','',''),(40,'IQC','Description','table','Description','Description'),(41,'IQC','parameter','table','parameter','parameter'),(42,'Refrigerator_Temp','date_of_reading','date','',''),(43,'Refrigerator_Temp','time_of_reading','time','',''),(44,'Sample_Transporter','name','table','Sample_Transporter_name','name'),(45,'Sample_Transporter','date','date','',''),(46,'Sample_Transporter','time','time','',''),(47,'documents','Personal_Records','table','Personal_Records','Personal_Records'),(48,'remarks','Personal_Records','table','Personal_Records','Personal_Records'),(49,'Name','varchar','varchar','varchar','varchar'),(50,'Personal_Records','Name','table','Name','Name');
/*!40000 ALTER TABLE `table_field_specification` ENABLE KEYS */;
UNLOCK TABLES;

--
-- Table structure for table `user`
--

DROP TABLE IF EXISTS `user`;
/*!40101 SET @saved_cs_client     = @@character_set_client */;
/*!40101 SET character_set_client = utf8 */;
CREATE TABLE `user` (
  `user` bigint(20) NOT NULL,
  `name` varchar(100) NOT NULL,
  `password` varchar(1000) NOT NULL,
  `expirydate` date NOT NULL,
  `authorization` varchar(300) NOT NULL,
  `insert_authorization_level` int(11) NOT NULL,
  `update_authorization_level` int(11) NOT NULL,
  `select_authorization_level` int(11) NOT NULL,
  `delete_authorization_level` int(11) NOT NULL,
  PRIMARY KEY (`user`)
) ENGINE=InnoDB DEFAULT CHARSET=utf8mb4 COLLATE=utf8mb4_general_ci;
/*!40101 SET character_set_client = @saved_cs_client */;

--
-- Dumping data for table `user`
--

LOCK TABLES `user` WRITE;
/*!40000 ALTER TABLE `user` DISABLE KEYS */;
INSERT INTO `user` VALUES (1,'shailesh','cxG8EDaP1e8jQ','2024-04-21','lock,unlock,interimlock',3,3,3,3),(2,'technician','cxG8EDaP1e8jQ','2024-04-21','lock,unlock,interimlock',2,2,2,2),(3,'Nobody','cxG8EDaP1e8jQ','2024-04-21','lock,unlock,interimlock',0,0,0,0),(4,'request reception','cxG8EDaP1e8jQ','2024-04-21','lock,unlock,interimlock',1,0,1,0);
/*!40000 ALTER TABLE `user` ENABLE KEYS */;
UNLOCK TABLES;

--
-- Table structure for table `view_info_data`
--

DROP TABLE IF EXISTS `view_info_data`;
/*!40101 SET @saved_cs_client     = @@character_set_client */;
/*!40101 SET character_set_client = utf8 */;
CREATE TABLE `view_info_data` (
  `id` int(11) NOT NULL,
  `info` varchar(100) NOT NULL,
  `Fields` varchar(2000) NOT NULL,
  `sql` varchar(1000) NOT NULL,
  PRIMARY KEY (`id`)
) ENGINE=InnoDB DEFAULT CHARSET=utf8mb4 COLLATE=utf8mb4_general_ci;
/*!40101 SET character_set_client = @saved_cs_client */;

--
-- Dumping data for table `view_info_data`
--

LOCK TABLES `view_info_data` WRITE;
/*!40000 ALTER TABLE `view_info_data` DISABLE KEYS */;
INSERT INTO `view_info_data` VALUES (0,'Scope','','select * from scope'),(1,'Total Sample On a Day','<input type=date name=__p1 title=\'Give Date\'>','select count(examination_id) as Total_Sample from result where examination_id=1017 and result=\"__p1\"'),(2,'Test count on a date','<input type=date name=__p1 title=\'Give Date\'>','select  	r1.examination_id A ,e1.name B ,  	r2.examination_id C ,e2.name D, 	r2.result E, 	count(r2.result) F from  	examination e1,examination e2,  	result r1,result r2  where  	r1.sample_id=r2.sample_id and  	r2.examination_id=1017 and  	r2.result=\"__p1\" and 	e1.examination_id=r1.examination_id and  	e2.examination_id=r2.examination_id  group by r1.examination_id order by r1.examination_id'),(3,'Max ID (series 2,3,1)','','select 2 as series, max(sample_id) from result where sample_id between 2000000 and 2999999 union select 3 as series, max(sample_id) from result where sample_id between 3000000 and 3999999 union select 1 as series, max(sample_id) from result where sample_id between 1000000 and 1999999'),(4,'Test count on a date (a bit better)','<input type=date name=__p1 title=\'Give Date\'>','select  	r1.examination_id examination_id ,e1.name Test,  r2.result Date, 	count(r2.result) Test_Count  from  	examination e1,examination e2,  	result r1,result r2  where  	r1.sample_id=r2.sample_id and  	r2.examination_id=1017 and  	r2.result=\"__p1\" and 	e1.examination_id=r1.examination_id and  	e2.examination_id=r2.examination_id  and e1.sample_requirement!=\'None\' group by r1.examination_id order by r1.examination_id'),(5,'Test count on between two dates','From:<input type=date name=__p1 title=\'Give From  Date\'>To:<input type=date name=__p2 title=\'Give To Date\'>','select r1.examination_id examination_id ,e1.name Test,  	count(r2.result) Test_Count   from  	examination e1,examination e2,  	result r1,result r2   where  	r1.sample_id=r2.sample_id and  	r2.examination_id=1017 and  	 r2.result between str_to_date(\'__p1\',\'%Y-%m-%d\') and str_to_date(\'__p2\',\'%Y-%m-%d\') and 	 e1.examination_id=r1.examination_id and  	e2.examination_id=r2.examination_id   and e1.sample_requirement!=\'None\' group by r1.examination_id order by r1.examination_id'),(6,'(Worklist) Sample_ID,Test name and result of a date','Date:<input type=date name=__p1 title=\'Give From  Date\'>Ex_ID:<input type=number name=__p2 title=\'Give Examination_id\'>','select  	 r1.sample_id sample_id, r1.examination_id examination_id ,e1.name Test, r1.result , r2.result Date  from  	 examination e1,examination e2,  	 result r1,result r2    where  	 r1.sample_id=r2.sample_id and  	 r2.examination_id=1017 and  	 r2.result=\"__p1\" and 	 e1.examination_id=r1.examination_id and  	 e2.examination_id=r2.examination_id  and  e1.examination_id=\"__p2\" and e1.sample_requirement!=\'None\'   order by r1.examination_id'),(7,'Test ID and their Name','','select examination_id,name,sample_requirement from examination order by name'),(8,'Profile count between two dates','From:<input type=date name=__p1 title=\'Give From  Date\'>To:<input type=date name=__p2 title=\'Give To Date\'>','select  p.profile_id, p.name,  	count(r2.result) Test_Count   from  	 examination e1,examination e2, result r1,result r2, profile p  where  	 r1.sample_id=r2.sample_id and  	 r2.examination_id=1017 and  	  r2.result between str_to_date(\'__p1\',\'%Y-%m-%d\') and str_to_date(\'__p2\',\'%Y-%m-%d\') and e1.examination_id=r1.examination_id and  	 e2.examination_id=r2.examination_id   and  e1.sample_requirement!=\'None\' and substring_index(p.examination_id_list,\',\',1)=e1.examination_id  group by  r1.examination_id   order by  p.profile_id'),(9,'sample count: age more than 60 years','From:<input type=date name=__p1 title=\'Give From Date\'>To<input type=date name=__p2 title=\'Give To Date\'>','select count(sample_id) from result where examination_id=1007  and (recording_time between \"__p1\" and \"__p2\" )and result>=60'),(10,'Sample Location with  Specific Date','<input type=date name=__p1 title=\'Give Date\'>','select s1.sample_id as sample_id ,s1.result as date ,s2.result as location  from result s1, result s2  where    s1.examination_id=1017 and s1. result like \"__p1\" and  s2.examination_id=1006    and  s1.sample_id=s2.sample_id'),(11,'Sample Location with  Specific Date(color)','<input type=date name=__p1 title=\'Give Date\'>','select s1.sample_id as sample_id ,s1.result as date ,if(s2.result=\"OPD\",concat(\'<span class=bg-danger>\',s2.result,\'</span>\'),s2.result) as location  from result s1, result s2  where    s1.examination_id=1017 and s1. result like \"__p1\" and  s2.examination_id=1006    and  s1.sample_id=s2.sample_id'),(12,'Sample Release Status(between two sample_id)','<input type=number name=__p1><input type=number name=__p2>','select sample_id,if(examination_id=1017,\"Received on\",\"Released_by\"),result from result where examination_id in (1017,1014) and sample_id between \"__p1\" and \"__p2\" order by sample_id'),(13,'Test count of a date with total','<input type=date name=__p1 title=\'Give Date\'>','(select  r1.examination_id examination_id ,e1.name Test,  r2.result Date, 	count(r2.result) Test_Count  from  	examination e1,examination e2,  	result r1,result r2  where  	r1.sample_id=r2.sample_id and  	r2.examination_id=1017 and  	r2.result=\"__p1\" and 	e1.examination_id=r1.examination_id and  	e2.examination_id=r2.examination_id  and e1.sample_requirement!=\'None\' group by r1.examination_id order by r1.examination_id) UNION (select  \'Grand \' ,\'Total \',  \' \', 	count(r2.result) Test_Count  from  	examination e1,examination e2,  	result r1,result r2  where  	r1.sample_id=r2.sample_id and  	r2.examination_id=1017 and  	r2.result=\"__p1\" and 	e1.examination_id=r1.examination_id and  	e2.examination_id=r2.examination_id  and e1.sample_requirement!=\'None\')'),(14,'Test count between two dates with total','From:<input type=date name=__p1 title=\'Give Date\'>To:<input type=date name=__p2 title=\'Give Date\'>','(select  r1.examination_id examination_id ,e1.name Test,  r2.result Date, 	count(r2.result) Test_Count    from  	examination e1,examination e2,  	result r1,result r2  where  	 r1.sample_id=r2.sample_id and  	r2.examination_id=1017 and  	r2.result between \"__p1\" and \"__p2\"	and  e1.examination_id=r1.examination_id and  	e2.examination_id=r2.examination_id  and e1.sample_requirement!=\'None\'  group by r1.examination_id order by r1.examination_id) UNION   (select  \'Grand \' ,\'Total \',  \' \', 	count(r2.result) Test_Count  from  	examination e1,examination e2,  	 result r1,result r2  where  	r1.sample_id=r2.sample_id and  	r2.examination_id=1017 and  	 (r2.result between \"__p1\" and \"__p2\")	and e1.examination_id=r1.examination_id and  	e2.examination_id=r2.examination_id  and e1.sample_requirement!=\'None\')'),(15,'Samples Types count between two dates','From:<input type=date name=__p1 title=\'Give Date\'>To:<input type=date name=__p2 title=\'Give Date\'>','select r1.result,count(r1.sample_id)  from result  r1, result r2   where  r2.examination_id=1017  and (r2.result between \"__p1\" and \"__p2\")  and r1.examination_id=1000 and r1.sample_id=r2.sample_id  group by result '),(16,'Samples Types count between two dates (only OPD)','From:<input type=date name=__p1 title=\'Give Date\'>To:<input type=date name=__p2 title=\'Give Date\'>','select r1.result,count(r1.sample_id)  from result  r1, result r2 ,result r3  where  r2.examination_id=1017  and (r2.result between \"__p1\" and \"__p2\")  and r1.examination_id=1000 and r1.sample_id=r2.sample_id and r1.sample_id=r3.sample_id and r3.examination_id=1006  and (r3.result =\'OPD\')   group by result  '),(17,'Worklist between two dates','From:<input type=date name=__p1 title=\'Give From  Date\'>To:<input type=date name=__p2 title=\'Give From  Date\'>Ex_ID:<input type=number name=__p3 title=\'Give Examination_id\'>','select  	  r1.sample_id sample_id, r1.examination_id examination_id ,e1.name Test, r1.result , r2.result Date    from  	  examination e1,examination e2,  	 result r1,result r2      where  	   r1.sample_id=r2.sample_id and  	 r2.examination_id=1017 and  	  (r2.result between \"__p1\" and \"__p2\") and 	 e1.examination_id=r1.examination_id and  	  e2.examination_id=r2.examination_id  and  e1.examination_id=\"__p3\"  and e1.sample_requirement!=\'None\'     order by r1.examination_id'),(18,'OPD Samples on a date','<input type=date name=__p1 title=\'Give Date\'>','select s1.sample_id as sample_id ,s1.result as date ,if(s2.result=\"OPD\",concat(\'<span class=bg-danger>\',s2.result,\'</span>\'),s2.result) as location   from result s1, result s2   where    s1.examination_id=1017 and s1. result like \"__p1\" and  s2.examination_id=1006    and  s1.sample_id=s2.sample_id and s2.result=\'OPD\''),(19,'non-OPD Samples on a date','<input type=date name=__p1 title=\'Give Date\'>','select s1.sample_id as sample_id ,s1.result as date ,if(s2.result!=\"OPD\",concat(\'<span class=bg-danger>\',s2.result,\'</span>\'),s2.result) as location   from result s1, result s2   where    s1.examination_id=1017 and s1. result like \"__p1\" and  s2.examination_id=1006    and  s1.sample_id=s2.sample_id and s2.result!=\'OPD\''),(20,'QC Statistics on between two dates','From:<input type=date name=__p1 title=\'Give From  Date\'>To:<input type=date name=__p2 title=\'Give To Date\'>','select  	r1.examination_id examination_id , 	e1.name Test,  	 	r3.result MRD, 	count(r2.result) Test_Count  ,  	avg(r1.result) mean,    	STDDEV(r1.result) SD    	 from  	 	examination e1,examination e2, 	result r1,result r2,result r3     where  	 	r1.sample_id=r2.sample_id  		and  	 	r1.sample_id=r3.sample_id  		and 		 	r2.examination_id=1015  		and 	r3.examination_id=1001  		and		 	r2.result between str_to_date(\'__p1\',\'%Y-%m-%d\') and str_to_date(\'__p2\',\'%Y-%m-%d\')  		and 	  		 	e1.examination_id=r1.examination_id  		and  	 	e2.examination_id=r2.examination_id    		and  		 	e1.sample_requirement!=\'None\' 		and 	r1.sample_id between 9000000 and 9999999 		 group by  	r1.examination_id, r3.result  order by  	r1.examination_id'),(21,'Current QC Target and Mean','','SELECT mrd,examination.examination_id,examination.name,equipment,mean,sd,start_date,start_time FROM `lab_reference_value`,examination WHERE `end_date`>sysdate() and `lab_reference_value`.examination_id=examination.examination_id order by examination.examination_id,mrd, equipment'),(101,'Sample Release Status(between two sample_id)','<input type=number name=__p1><input type=number name=__p2>','select sample_id,result from result where examination_id =1014  and sample_id between \"__p1\" and \"__p2\" order by sample_id'),(102,'OPD Release Status of Samples on a date','<input type=date name=__p1 title=\'Give Date\'>','select \r\n	s1.sample_id as sample_id ,\r\n	s1.result as date ,\r\n	if(s2.result=\"OPD\",concat(\'<span class=bg-danger>\',s2.result,\'</span>\'),s2.result) as location,   \r\n	s3.result as release_status\r\nfrom \r\n	result s1, result s2, result s3\r\n	\r\nwhere\r\n    s1.examination_id=1017 \r\n    and \r\n    s1. result like \"__p1\" and  s2.examination_id=1006    \r\n    and  \r\n	s3.examination_id=1014    \r\n    and      \r\n    \r\n    s1.sample_id=s2.sample_id \r\n    and\r\n    s1.sample_id=s3.sample_id \r\n    \r\n    and\r\n    s2.result=\'OPD\''),(103,'OPD Release Status of Samples on a date','<input type=date name=__p1 title=\'Give Date\'>','select \r\n	s1.sample_id as sample_id ,\r\n\r\nconcat(\'<div class=\"d-inline-block\" ><form target=_blank method=post action=edit_general.php class=print_hide>\r\n	<button class=\"btn btn-outline-primary btn-sm\" name=sample_id value=\\\'\',s1.sample_id,\'\\\' >\',s1.sample_id,\'</button>\r\n	<input type=hidden name=session_name value=\\\'\\\'.$_POST[\\\'session_name\\\'].\\\'\\\'>\r\n	<input type=hidden name=action value=edit_general>\r\n	</form></div>\')\r\n\r\nas sample_id,\r\n\r\n	s1.result as date ,\r\n	if(s2.result=\"OPD\",concat(\'<span class=bg-danger>\',s2.result,\'</span>\'),s2.result) as location,   \r\n	s3.result as release_status\r\nfrom \r\n	result s1, result s2, result s3\r\n	\r\nwhere\r\n    s1.examination_id=1017 \r\n    and \r\n    s1. result like \"__p1\" and  s2.examination_id=1006    \r\n    and  \r\n	s3.examination_id=1014    \r\n    and      \r\n    \r\n    s1.sample_id=s2.sample_id \r\n    and\r\n    s1.sample_id=s3.sample_id \r\n    \r\n    and\r\n    s2.result=\'OPD\''),(104,'Location + Date Specific Release Status','<input type=date name=__p1 title=\'Give Date\'><input type=text name=__p2 title=\'Give Location\' placeholder=OPDWard>','select \r\n	s1.sample_id as sample_id ,\r\n	s1.result as date ,\r\n	if(s2.result=\"__p2\",concat(\'<span class=bg-danger>\',s2.result,\'</span>\'),s2.result) as location,   \r\n	s3.result as release_status\r\nfrom \r\n	result s1, result s2, result s3\r\n	\r\nwhere\r\n    s1.examination_id=1017 \r\n    and \r\n    s1. result like \"__p1\" and  s2.examination_id=1006    \r\n    and  \r\n	s3.examination_id=1014    \r\n    and      \r\n    \r\n    s1.sample_id=s2.sample_id \r\n    and\r\n    s1.sample_id=s3.sample_id \r\n    \r\n    and\r\n    s2.result=\'__p2\''),(105,'NMC (date + department sample numbers)','<input type=date name=__p1 title=\'Give Date\'><input type=text name=__p2 title=\'Give Department\' placeholder=Department>','select r.result as date,o.result as department ,count(r.sample_id) as Total_Samples\r\n\r\nfrom \r\nresult r, result o \r\n\r\nwhere \r\nr.examination_id=1017 and r.result like \"%__p1%\" \r\nand \r\no.examination_id=1004 and o.result like \"%__p2%\"\r\n\r\nand o.sample_id=r.sample_id'),(106,'(problem)','','select * from result where result like \"%(problem)%\"');
/*!40000 ALTER TABLE `view_info_data` ENABLE KEYS */;
UNLOCK TABLES;
/*!40103 SET TIME_ZONE=@OLD_TIME_ZONE */;

/*!40101 SET SQL_MODE=@OLD_SQL_MODE */;
/*!40014 SET FOREIGN_KEY_CHECKS=@OLD_FOREIGN_KEY_CHECKS */;
/*!40014 SET UNIQUE_CHECKS=@OLD_UNIQUE_CHECKS */;
/*!40101 SET CHARACTER_SET_CLIENT=@OLD_CHARACTER_SET_CLIENT */;
/*!40101 SET CHARACTER_SET_RESULTS=@OLD_CHARACTER_SET_RESULTS */;
/*!40101 SET COLLATION_CONNECTION=@OLD_COLLATION_CONNECTION */;
/*!40111 SET SQL_NOTES=@OLD_SQL_NOTES */;

-- Dump completed on 2023-07-12 10:02:48
